#{"t_start": 1643378250.1699631, "env_id": null}
r,l,t
-35.1794,149,1.614487
-63.697491,424,10.943146
39.291963,252,15.493979
60.077728,279,21.852603
-89.544626,605,35.43692
-29.0,36,35.945135
17.513846,80,37.808284
-139.082188,613,50.989248
82.93249,304,56.677161
638.39876,1135,82.960174
-26.066789,204,87.08082
-62.987815,613,101.429755
-31.3361,847,119.540193
161.44453,580,130.500366
26.669317,822,150.664165
-71.383252,1224,176.075392
-1.0,1,176.09107
150.66518,1140,199.477167
218.890606,462,210.877059
-5.8,23,211.205629
-105.955105,364,218.296812
163.95474,473,227.951126
0.937117,17,228.196739
17.45119,190,232.481538
32.166331,294,239.778766
-3.026663,111,241.42212
2.073511,36,243.296157
18.358649,73,244.32924
11.0,13,244.513952
-2.252705,40,245.741976
-1.0,1,245.756125
38.0,40,246.318526
-9.94867,51,247.036853
38.212784,86,248.68314
14.000333,506,258.639182
0.240433,199,262.957748
-1.0,1,262.974982
-42.6,53,263.74574
103.332746,158,266.857157
-91.860298,264,272.639088
215.839818,272,277.840925
22.539453,171,281.240065
-24.533946,229,286.541796
-6.6,11,286.699661
-27.034533,393,294.789916
6.8131,132,297.561715
-136.934599,1119,320.987389
-27.666013,121,324.043701
-141.609022,180,328.350977
135.17681,358,334.894984
-22.469859,169,338.971514
507.427338,1215,365.629122
-43.000568,162,368.935503
-6.279439,68,369.950095
54.003011,222,375.373762
-1.226598,282,381.193473
108.978912,488,391.26374
0.226285,252,397.029849
68.867292,559,409.166883
-8.36659,57,409.98287
80.39423,244,415.342406
-8.361418,68,416.597581
248.388684,405,425.196959
107.804875,843,444.188639
64.882994,367,453.3689
34.009547,574,466.747029
100.793425,511,476.860784
-27.270296,344,483.850591
-2.15041,23,484.190871
365.331611,2264,533.956225
-231.107649,573,546.086732
250.257289,494,556.352796
-1.0,1,556.36957
214.200035,1779,592.449142
479.533646,1305,623.433029
80.990346,862,641.745922
259.647563,847,658.997288
-11.439784,214,664.318681
41.98736,191,669.788126
280.219108,1053,694.424412
-6.028567,31,694.870983
16.793491,500,705.92445
0.766282,30,706.354383
67.155781,136,709.699332
137.558355,485,719.672734
152.640754,256,725.762378
-25.502706,85,728.160889
360.227449,821,746.718959
169.693319,530,757.710034
230.934294,379,766.239964
416.01027,1686,803.919344
228.063635,311,811.139999
0.264716,434,819.841157
65.420674,617,831.668241
40.15196,82,833.705462
77.594782,475,842.579274
353.600721,555,854.902586
189.0,191,860.032831
-28.22827,124,862.355194
108.53612,369,870.125331
-47.779013,381,878.936768
-0.003731,19,879.211086
-2.550924,14,879.410574
-13.745894,132,882.07648
110.090405,246,888.182976
128.115003,553,901.24892
18.585387,129,904.741211
225.213953,1669,940.663381
-189.848365,1435,973.352633
532.405335,1204,1000.255545
70.76486,87,1002.204204
210.032187,746,1021.662207
-48.989357,1255,1047.623231
6.480797,204,1051.482185
7.26083,202,1056.79824
-13.624537,196,1061.6659
305.025824,566,1074.667511
102.31875,895,1092.597504
144.972305,1240,1120.201372
374.87162,519,1131.448338
55.62519,243,1136.090872
37.423738,70,1137.941457
-177.22788,512,1148.767571
35.885822,146,1151.345948
27.66033,72,1153.560423
72.636148,331,1159.934469
-2.029738,41,1161.344826
196.33969,302,1168.00502
192.702885,271,1173.20268
-75.177344,303,1180.605857
-93.776786,380,1188.985213
63.0,65,1189.916985
-74.061247,209,1195.093988
37.155502,189,1200.272627
7.434852,42,1201.698437
1.969858,125,1204.183867
-42.738307,135,1206.985537
-20.2,78,1208.108883
7.906047,73,1209.894197
174.463197,495,1219.954187
61.133099,197,1224.434853
17.825616,611,1237.604774
410.232082,678,1253.975765
179.28261,477,1265.623813
-21.8,27,1266.015753
-140.942516,383,1274.196403
-32.118317,250,1280.324279
187.0,194,1284.131098
187.216437,428,1294.317569
94.724486,379,1303.029113
-31.6907,165,1305.975848
-67.654427,159,1310.95213
-477.742391,1471,1340.783069
387.758457,1011,1362.534984
86.545997,357,1370.240789
40.1,455,1379.529319
322.548877,578,1391.967814
280.72685,369,1398.603681
-7.4,9,1399.221285
37.023967,356,1406.651891
58.433892,235,1412.897665
126.614541,216,1417.166239
102.745619,786,1433.93227
15.50283,79,1436.635412
16.0,18,1436.897511
153.208167,230,1441.52977
51.057522,631,1455.016474
18.817307,306,1461.179785
101.566787,402,1470.589838
-1.8,6,1470.682086
603.675381,911,1489.433195
163.487363,471,1500.915821
15.147909,74,1501.987563
125.709739,325,1509.590522
-11.394009,202,1513.549366
14.720878,31,1514.005637
-6.522987,16,1514.242599
44.56091,289,1519.395217
321.325793,875,1537.448275
-26.266235,58,1539.831084
100.939401,479,1549.530073
109.36615,285,1556.133405
-15.56666,383,1564.704023
300.552154,842,1584.370699
15.093231,62,1585.278985
3.218205,16,1585.5149
225.633605,508,1597.111623
-67.4,84,1599.69211
-7.056725,49,1600.404157
-11.859138,261,1605.925674
-5.348688,267,1613.079387
88.102391,380,1622.261356
347.135728,630,1635.878273
72.76862,341,1642.510646
-10.940373,178,1646.473199
-61.934485,370,1653.987361
70.478579,700,1668.730108
-7.005082,39,1669.809697
-46.38799,70,1670.837221
71.530905,197,1676.227223
12.0,14,1676.432422
273.392975,643,1690.351017
3.994423,42,1690.959971
239.480536,836,1712.288832
861.731393,1451,1747.173254
128.559753,386,1755.963963
9.542338,206,1759.272148
-1.0,1,1759.286969
-1.495412,4,1759.346326
-32.057345,150,1763.93828
-14.970614,65,1764.874398
212.054252,600,1779.349282
139.647038,429,1788.75302
622.663304,2338,1840.769429
139.041328,326,1848.309342
12.782019,130,1850.940298
64.317108,578,1862.402658
3.0,15,1864.229409
-37.0,46,1864.943903
293.123782,789,1884.141433
23.087873,766,1901.18171
301.090157,529,1913.633349
78.0,80,1914.812942
109.204575,1287,1945.3166
468.877466,1036,1972.926106
-3.956243,12,1973.121291
107.232698,688,1987.396371
-515.4,644,2001.682422
-1.0,1,2001.698722
-30.701943,229,2006.081395
2.341208,36,2008.000338
96.243879,409,2016.812715
-1.0,1,2016.828358
59.383329,243,2021.415541
68.832664,439,2032.167175
557.922867,1094,2060.670687
442.805514,604,2074.275748
462.526222,1010,2099.256759
151.096753,225,2104.970826
57.921556,195,2108.463751
133.414438,1224,2138.194592
736.342084,1358,2171.122278
-12.214164,165,2173.874549
-32.2,40,2175.921446
-4.187055,16,2176.158802
47.025003,368,2185.504342
16.633505,99,2188.08532
57.89348,245,2194.040473
2.809286,24,2194.391502
3.125954,107,2198.313567
343.818049,825,2217.0055
-50.791498,496,2227.807616
95.502774,208,2232.734662
58.4134,164,2236.849474
185.077723,350,2245.700186
-14.800339,72,2246.765418
194.945633,370,2255.323794
459.611657,886,2277.979236
-0.355624,19,2278.256595
-12.88657,49,2278.977009
73.919636,999,2303.854709
488.080931,1441,2334.764503
-1.0,1,2334.778769
206.671937,788,2352.612619
-19.860322,118,2355.148027
70.807517,256,2360.117788
414.382399,1389,2388.98893
-2.188799,6,2389.076493
178.71328,205,2393.434244
150.130152,614,2406.396483
-21.0,26,2406.768322
119.521128,779,2425.406098
6.623367,133,2427.987657
280.983897,1188,2453.99709
-73.8,92,2455.339611
81.676295,212,2461.428942
334.725997,631,2476.468161
20.309497,71,2477.923835
-52.00672,736,2495.099025
-153.900589,645,2510.496244
4.019547,202,2514.158774
227.98206,647,2529.3224
-94.42503,229,2533.518439
163.187936,681,2550.288524
-54.455808,711,2564.704427
409.694838,1683,2604.60126
95.913752,238,2609.878351
4.089566,39,2610.452591
-6.6,16,2610.699681
204.93946,487,2622.331665
197.255536,1016,2646.353782
382.142275,432,2658.488266
123.518296,247,2663.658748
232.3803,421,2672.848307
285.396289,442,2682.142477
-9.644293,79,2683.361405
836.604468,1021,2706.965425
109.564203,413,2717.16075
-192.462089,479,2728.553294
-176.202506,277,2734.738058
9.386654,76,2735.83851
129.347814,150,2739.196825
60.614028,450,2748.026228
40.298791,499,2759.580657
277.888488,404,2768.36047
82.898869,391,2777.684716
23.199293,142,2781.035996
-54.518186,377,2792.737416
23.429989,205,2796.534158
382.657291,939,2818.431979
5.798096,61,2819.320561
482.814178,1465,2853.637913
372.183878,1413,2887.405071
114.702075,581,2901.518868
-20.940612,177,2905.369287
0.530566,18,2907.20426
-12.238623,82,2908.439326
427.008287,711,2925.118771
37.030581,130,2928.049682
224.357996,1197,2958.795773
-7.804407,302,2965.807792
148.34582,299,2972.283576
310.671848,650,2990.770795
134.991289,210,2995.365173
-200.229719,279,3001.204371
129.126355,283,3009.983957
357.509715,553,3022.918595
-9.618376,576,3036.236823
90.659988,276,3042.59049
23.648566,71,3044.66095
-3.059012,27,3045.047347
3.843711,33,3045.524357
487.936499,716,3063.355985
-146.511405,1163,3089.78491
-6.058617,44,3090.434287
-52.910546,1338,3120.22771
724.796417,2019,3166.546041
210.837313,725,3186.831333
2.117329,148,3189.929342
161.038454,375,3199.143708
427.320022,1110,3225.261535
0.969807,455,3235.735242
2.994544,38,3236.280863
54.894621,186,3240.370156
617.101945,915,3262.783266
141.336066,325,3270.029463
129.977927,246,3275.990366
161.758251,446,3286.718262
72.24034,138,3289.554085
5.412456,340,3297.331527
108.787012,907,3318.842302
546.090699,800,3336.99495
54.423557,217,3343.661509
53.401015,288,3351.144951
279.388636,529,3362.106709
347.639454,406,3370.773979
151.814961,237,3377.101331
102.751321,426,3387.622375
-16.762615,605,3401.326097
26.151956,73,3403.394674
329.744296,512,3414.688292
14.374344,229,3420.720545
7.716,77,3421.861082
-25.593894,41,3423.505318
84.252988,670,3439.03341
97.273162,415,3448.106998
95.149938,240,3452.946953
5.698873,213,3458.579569
524.023653,1428,3489.998713
82.471363,666,3506.487112
155.189445,186,3510.073932
-180.430478,1421,3546.231939
194.310512,758,3563.00841
-25.0,31,3563.451965
86.048467,137,3566.030532
-55.869933,120,3568.964108
283.347045,441,3577.617169
855.229057,1022,3601.109396
264.114384,374,3608.994401
287.910823,474,3620.00304
43.554863,224,3625.322913
304.336788,444,3635.163162
-2.577626,8,3635.280644
-12.219805,156,3638.591329
-1.0,2,3638.622136
-106.802878,272,3644.091067
125.417974,329,3651.840856
606.037474,1523,3687.822006
23.636939,250,3693.959435
237.732831,468,3703.886572
-1.0,1,3703.90094
240.159609,408,3714.337442
375.258432,1450,3748.398517
555.218384,825,3766.887421
-0.981825,21,3767.193131
640.908775,1841,3809.638703
2.586813,32,3810.159799
1260.801004,1559,3849.526756
-1.0,1,3849.541781
260.162388,672,3862.670658
361.759691,782,3885.636282
47.516482,295,3893.344181
-275.365533,598,3907.658452
30.646188,95,3909.100834
143.501545,404,3919.961154
114.786694,403,3929.156996
241.153068,429,3937.988697
326.239522,1372,3970.017015
674.623818,787,3990.122604
69.545246,362,3997.265392
615.816026,1001,4020.23578
172.33366,805,4038.833013
19.425048,281,4044.466865
-39.412402,1112,4071.181728
1.111104,29,4071.607841
-154.316907,639,4088.898938
685.765305,1729,4126.2558
-1.0,1,4126.270282
63.493684,123,4128.858949
-0.3459,8,4128.976315
253.142678,405,4138.65882
42.565668,694,4154.490642
32.90616,114,4157.979847
-0.275835,53,4158.772101
217.518868,246,4165.113055
392.218366,817,4185.692391
-28.250969,308,4192.950445
5.325146,165,4196.708122
1.968633,26,4197.099723
-15.547996,87,4199.863302
439.314664,646,4212.235358
915.198972,1991,4260.630386
579.956753,726,4277.767397
610.410127,845,4297.117028
23.465517,407,4306.750445
395.024048,537,4317.781886
249.427511,318,4324.827049
9.251027,225,4330.52463
317.029256,609,4345.873759
-61.925983,361,4353.597986
-1.0,1,4353.614923
-84.451698,288,4361.290489
-21.913306,40,4362.510572
27.322437,125,4365.190291
188.907539,619,4378.568017
19.545265,207,4382.437415
-222.833902,403,4392.595634
22.443488,80,4394.409225
147.491484,333,4402.588244
3.00768,32,4403.075909
35.089983,150,4406.843366
-85.209838,114,4409.446902
158.678035,678,4426.311676
576.898609,812,4445.648085
-4.127998,135,4448.488695
-37.526748,291,4454.463763
223.163368,795,4474.917598
64.383898,432,4484.36952
479.470292,515,4496.629387
-0.789834,9,4496.759026
2.271766,82,4499.29266
103.382677,136,4502.115284
146.88031,351,4511.884327
-39.4,49,4512.611082
200.565713,518,4527.792611
73.097214,324,4533.568435
29.87639,194,4538.521356
-58.089561,251,4544.082402
0.072762,10,4544.229998
489.641784,1525,4583.684866
248.314115,318,4590.946561
-111.833542,654,4606.812449
-52.265143,239,4614.095449
387.141782,747,4631.964517
1082.886599,1533,4666.223242
147.547461,408,4675.304935
1274.590564,2201,4725.442103
55.049745,568,4737.937551
-213.652964,386,4745.729293
29.437092,35,4748.676056
547.229141,651,4762.051364
52.13303,236,4768.59416
8.475241,66,4769.569565
318.517294,410,4778.859617
92.172318,420,4790.550149
-1.0,1,4790.565403
27.648134,38,4791.132988
-1.3228,13,4791.320518
142.723129,586,4805.429355
11.0,13,4805.619684
449.578038,500,4818.831205
-32.489919,168,4823.593416
103.682809,310,4832.061357
294.610181,755,4848.565346
922.878699,1580,4887.325122
-34.253008,108,4888.911234
-6.474113,109,4892.076146
-134.505423,422,4903.099486
-13.0,16,4903.336904
70.438282,188,4907.632054
380.11106,1050,4932.358049
282.678834,464,4941.754383
-1.0,1,4941.772193
932.057327,975,4966.297935
901.440332,1363,5000.073738
0.945377,20,5000.399035
52.612964,389,5010.507416
301.225435,522,5021.912286
123.422986,143,5025.451715
301.917579,460,5036.639632
239.745322,589,5047.810715
399.007805,650,5063.791044
17.313316,77,5065.395079
10.220532,44,5066.031499
357.44216,765,5083.285202
-122.679503,195,5088.452827
494.879996,1337,5119.540801
104.243747,282,5125.560329
57.099713,184,5128.944402
205.895685,366,5136.391614
-141.157649,564,5148.684978
413.366289,919,5170.00567
236.381639,473,5181.208234
22.480811,112,5184.502868
1.541217,24,5184.861722
99.82663,192,5190.469793
259.389898,377,5198.783289
17.384883,609,5211.589551
-10.6,14,5211.807073
-4.704239,66,5212.841974
1079.415237,1479,5248.943485
180.986418,282,5256.220102
3.201007,81,5259.343839
161.638558,385,5268.386642
670.587515,802,5286.719655
429.829304,1038,5310.27544
42.024605,78,5311.423033
-1.0,1,5311.437103
-3.112552,33,5312.642488
-4.500589,826,5331.831251
6.397291,75,5333.587298
-1.0,1,5333.602625
1522.149208,1943,5375.781433
22.396101,879,5395.350825
18.0,38,5397.587006
1081.905596,2091,5447.978901
172.602975,283,5457.376447
-1.0,1,5457.391701
115.294908,221,5461.79617
181.123663,428,5472.04255
185.07403,230,5478.065255
-1.0,1,5478.080116
48.258537,187,5481.216035
65.975313,116,5483.543168
21.02534,593,5497.855081
-2.859624,141,5501.588704
213.488106,294,5507.676764
100.162666,119,5509.793106
689.642196,766,5528.154354
0.742835,71,5529.803348
410.607451,508,5541.031129
457.125564,739,5555.914938
249.100079,341,5563.951653
333.045826,755,5582.75509
1995.368594,4280,5682.549447
33.293128,75,5686.12665
626.397582,1134,5711.59761
-112.531978,597,5725.868296
263.726991,427,5737.152373
50.170252,523,5750.213811
243.524538,312,5760.037149
-49.515795,263,5765.389398
-19.55578,144,5769.048377
9.804766,56,5769.867468
275.854219,521,5781.866786
257.950693,385,5793.22859
401.259362,842,5811.504512
-22.33869,144,5815.51597
3.363673,60,5817.183563
0.891526,39,5817.772218
-18.676169,596,5831.920763
207.979556,362,5840.552154
426.564046,693,5856.33624
99.855282,213,5860.848206
-8.821882,676,5882.29474
-1.0,1,5882.309193
407.854839,471,5893.127225
337.152579,1119,5918.884468
617.31099,1422,5950.919022
219.147009,411,5960.296165
9.558214,29,5960.721605
69.38081,164,5963.961871
1699.778165,3472,6048.584318
-12.483565,69,6049.887196
257.269062,351,6058.681066
703.971432,924,6081.973714
87.126737,310,6087.927726
38.0,40,6091.041186
592.39215,1107,6117.601026
467.501434,529,6130.403151
-4.347239,37,6130.952168
69.03947,79,6133.362952
308.693838,410,6141.139818
153.447888,334,6149.270833
30.872822,109,6151.935687
1.590225,193,6157.062316
-45.0,80,6159.703712
357.125729,466,6171.058792
25.748797,32,6171.526255
-31.87983,258,6177.947185
512.608711,608,6193.868968
20.177363,140,6197.891355
-1.0,1,6197.908165
88.516659,207,6203.548596
24.0,26,6203.921936
1555.145165,1945,6249.612436
-32.152299,153,6255.120744
-5.052985,85,6256.362112
69.335443,438,6267.428998
-27.17809,62,6268.326041
-22.299067,128,6271.257951
424.700119,843,6291.052346
683.479547,930,6313.068998
103.883449,204,6319.550992
110.988478,124,6322.622293
-11.4,42,6323.28225
192.710268,1312,6354.895351
600.707564,1000,6382.285281
566.37928,1322,6411.835642
-4.2,46,6413.091768
259.4202,324,6420.528097
-16.2,20,6422.197281
713.452479,1079,6445.166386
28.773737,85,6447.008736
18.428953,136,6449.910588
75.0,77,6452.284635
326.70186,858,6470.448457
-1.0,1,6470.462851
1120.004191,1480,6509.356545
5.489138,56,6511.924141
1145.652455,1377,6541.582722
26.525369,1376,6574.689452
555.726918,744,6591.361514
1133.046563,1353,6620.394131
-13.0,25,6620.757951
62.735692,127,6623.742942
24.635335,236,6629.376176
-2.960881,67,6630.392102
331.857898,369,6639.839631
106.397836,286,6646.406106
463.831264,589,6660.305684
795.612641,1011,6683.147736
161.578968,549,6696.214161
363.573428,429,6705.10212
219.813908,1102,6730.201496
91.934754,497,6742.691577
286.634608,368,6752.616
694.259821,1433,6784.551745
346.208273,487,6796.910946
-109.467079,350,6804.179838
296.436905,541,6815.361138
44.04249,49,6816.780837
51.245031,161,6819.732085
590.160759,1398,6850.469321
261.324026,325,6857.623579
919.855201,1329,6886.800985
-64.173125,292,6894.425835
-1.0,1,6894.442323
-41.186782,396,6904.88329
39.343928,292,6910.780756
202.332129,358,6919.115859
-3.809471,23,6919.467632
-51.998159,303,6926.113139
767.512149,1170,6954.382972
58.0,60,6957.262156
1015.922161,1307,6986.943622
324.027981,373,6995.248378
-3.984661,61,6996.16212
2.0,9,6997.873487
366.685177,435,7007.472606
39.605494,87,7010.990818
424.273484,466,7023.635205
288.609305,358,7032.229379
1846.722921,4163,7129.54761
-6.6,8,7129.666468
103.374211,293,7137.44149
191.414554,331,7145.205847
870.741509,974,7166.911371
588.762044,1594,7207.213227
135.914774,172,7211.156657
868.881726,931,7232.037613
406.417603,520,7246.98105
1314.237534,2170,7300.870736
591.130509,748,7317.183402
62.805916,141,7319.683874
118.777856,342,7327.531329
144.531986,233,7331.759244
529.056293,547,7345.922931
34.0,36,7346.452656
588.101838,777,7363.405152
1142.196247,1299,7396.079432
174.512037,246,7401.129146
1550.979518,1793,7440.253663
-6.634542,15,7440.472239
290.743659,360,7447.874928
391.392542,449,7458.590205
63.748468,253,7464.923839
202.0,214,7470.75228
480.084654,675,7486.043108
0.08043,109,7487.67426
181.835253,383,7496.285329
581.075769,785,7515.344931
120.617559,192,7519.356603
677.751791,702,7535.16589
797.580379,1087,7562.438289
611.2391,790,7579.69714
56.065608,286,7585.067957
218.0,220,7590.127164
-1.667376,5,7590.200338
0.0,28,7590.603215
-35.4,84,7593.110506
121.381967,165,7596.547267
833.561118,1067,7626.811127
-15.4,19,7627.080499
323.634433,521,7639.26105
81.0,83,7641.241435
9.774908,40,7641.833163
-2.413687,79,7644.444613
27.15498,73,7645.511285
199.765958,421,7655.946421
-1.0,1,7655.960815
669.354877,885,7675.843743
2139.16389,2882,7741.231322
-33.707786,213,7745.844454
621.058821,741,7763.959665
231.481122,436,7773.900091
3.349602,32,7774.368233
738.519293,957,7800.139829
1.395548,17,7800.386736
728.430896,768,7817.14762
50.0,52,7818.79224
894.53227,1433,7853.747015
-38.798789,113,7856.264755
21.795699,187,7859.956892
10.200576,75,7863.024504
752.655508,1144,7890.01071
974.982541,1138,7918.504802
543.009344,884,7939.665797
813.850054,971,7962.173181
51.289857,200,7967.932709
332.297742,421,7976.172909
254.713481,400,7986.613249
240.0,243,7992.486085
-50.000488,187,7997.964099
9.72023,252,8004.013469
69.802216,133,8008.008765
571.203084,669,8023.348979
304.04729,477,8035.494638
56.502554,275,8040.946914
-96.349454,217,8045.532977
37.214465,396,8054.262703
552.04106,597,8068.261275
628.162938,681,8082.849437
232.507123,270,8087.896866
932.951852,1328,8120.725217
-18.6,23,8121.069875
1437.269378,1755,8162.556751
1028.913244,1498,8197.363681
382.831691,448,8208.091924
660.102678,863,8228.96314
257.317371,314,8237.106399
-1.0,1,8237.121136
14.055827,64,8238.739959
5.532367,14,8238.943319
578.026788,1150,8263.375971
38.680654,183,8267.464709
-14.572133,209,8271.117166
428.083411,590,8283.36708
544.325568,1020,8304.682918
70.977291,86,8306.597803
433.048266,571,8317.633443
225.500837,287,8325.93216
0.724145,13,8326.118708
621.120088,724,8343.01876
171.431692,198,8347.583298
178.0,180,8352.728351
-1.0,1,8352.743351
-13.945537,102,8354.244229
50.087146,569,8365.643242
63.754217,86,8368.204794
715.6179,764,8386.280848
364.847388,541,8398.410391
92.417277,373,8409.67389
835.0,837,8431.591944
-1.0,1,8431.606939
-0.787654,9,8431.738589
153.805126,225,8437.277255
1005.774148,1118,8464.37065
449.07171,1818,8507.363032
58.315989,116,8509.923176
510.732724,620,8527.398126
16.105505,146,8529.950218
114.185014,274,8536.223571
1401.210985,1805,8580.317913
752.17414,1204,8606.111801
3.683875,318,8613.851891
357.487517,674,8630.420159
105.221749,162,8635.448051
8.449206,135,8638.01971
-1.0,1,8638.034799
-30.561511,121,8641.496027
66.782314,92,8642.850489
624.241576,1213,8673.96493
250.968714,380,8683.274532
35.971091,289,8692.534436
97.314911,146,8695.461386
56.023435,208,8699.312195
434.726592,637,8715.128776
-18.426204,60,8716.741301
457.436229,576,8729.987857
415.826552,803,8745.829788
-33.652699,43,8746.452181
137.376729,274,8752.688868
1551.68251,2261,8803.041451
374.064526,388,8810.576595
774.709958,1062,8837.052925
4.398338,38,8838.090787
8.001074,49,8838.809405
533.805247,667,8853.322947
133.880858,159,8858.461148
448.675511,758,8874.448595
-7.881569,228,8878.326338
1129.099493,1267,8907.769576
-12.13457,48,8908.485921
-1.0,1,8908.500504
441.26829,532,8918.95737
220.103576,248,8926.049652
1346.199941,1591,8960.833093
-2.144754,8,8960.949959
432.597968,812,8979.378941
-2.6,13,8980.67272
716.032397,741,8996.506434
-0.384835,7,8997.560493
57.659102,207,9001.067024
1504.977557,1628,9039.5508
930.895471,1597,9078.778412
1122.071041,1526,9113.328351
191.357265,281,9119.091941
12.582333,199,9124.258505
-0.930256,40,9124.84019
-3.065887,8,9124.959224
548.289213,624,9139.623038
18.477817,174,9144.496042
683.662472,721,9160.058303
1670.77246,2278,9213.78828
454.104697,622,9227.744029
623.285467,770,9244.984879
37.614302,46,9245.650186
1060.049391,1260,9276.224483
108.803075,656,9292.714583
-34.275757,630,9305.201722
843.494693,1200,9334.01058
645.620524,1474,9369.720601
-2.6,3,9369.76517
104.39255,136,9372.219013
15.0,17,9372.46349
99.251589,102,9375.025115
731.775624,1368,9403.973179
-4.802689,62,9405.542684
447.906937,924,9428.602526
947.735767,1379,9462.989663
325.309539,1190,9493.290159
-1.0,1,9493.306738
-15.078548,69,9494.315369
-7.14009,37,9494.864196
8.464275,41,9496.28639
568.624241,745,9516.84068
-10.349255,101,9518.361609
1460.233904,1880,9562.250976
184.226939,245,9567.266781
1475.169864,1794,9616.769474
43.526427,52,9617.53864
103.497268,219,9622.881865
1109.215954,1271,9654.002269
-4.40351,59,9656.035725
509.083849,736,9674.235432
336.550828,390,9682.363614
33.293284,36,9682.885014
470.354746,640,9698.440371
4.326065,67,9700.285254
444.859074,521,9711.97373
54.586814,321,9717.749607
-47.379526,562,9731.216275
420.661973,510,9743.99776
1228.602902,1682,9781.778557
419.92888,498,9795.373463
1241.712642,1581,9832.624376
50.724661,80,9835.028374
778.500264,888,9856.349547
62.672573,132,9859.97501
240.323354,315,9866.449399
1120.815377,1247,9896.990443
-6.508478,49,9898.54588
311.900199,387,9907.804029
-16.410245,63,9908.727385
11.247026,213,9915.243077
1.101612,29,9915.661461
-0.312526,136,9919.469307
763.454693,816,9939.38545
1052.836596,1294,9965.061096
343.430295,459,9976.518369
499.82724,995,9998.910262
881.300864,1080,10024.317353
621.777714,723,10043.678234
-10.912386,48,10045.256123
295.862887,348,10053.802893
124.196682,250,10059.028154
-41.532722,104,10061.072382
415.552523,518,10074.475446
481.418349,796,10092.464878
-1.0,1,10092.482311
129.144706,352,10100.374165
549.386096,606,10114.312189
2.925124,25,10116.814275
0.299229,26,10117.200146
660.063488,1294,10148.4549
26.0,28,10148.876512
188.644182,235,10153.447475
166.539215,239,10158.181197
580.547525,613,10172.34499
42.0,76,10173.717215
-4.056533,33,10174.222804
288.78512,385,10184.736178
-1.0,1,10184.750931
50.74655,139,10187.796826
-13.558131,101,10190.508985
0.077388,13,10190.703262
47.189221,243,10196.542233
256.627958,267,10202.127722
1.538543,38,10202.684437
193.80873,283,10209.423666
641.785937,1018,10230.000266
36.357474,87,10232.058838
-24.648084,94,10233.459092
-25.58073,116,10235.649719
-9.948053,22,10235.973569
-1.0,1,10235.988621
42.91373,150,10239.89196
101.402136,114,10242.631667
761.259784,933,10264.229537
-10.252414,117,10266.501121
115.148642,136,10269.812351
-8.489261,658,10285.845284
0.050463,393,10294.033715
-0.849094,7,10294.135206
585.972379,617,10307.747761
370.688065,500,10319.161097
84.902961,234,10323.749653
760.301514,1043,10348.575083
-0.16782,5,10348.648911
73.200405,179,10352.086998
77.136985,91,10353.692783
113.236526,250,10358.526025
223.0,225,10366.55349
1.59571,16,10366.802967
-5.850273,34,10367.302356
237.23146,662,10382.243389
10.830401,14,10382.448767
-1.0,1,10382.464332
1091.996533,1149,10408.467006
627.62155,647,10423.078323
262.436391,337,10432.568237
799.8196,984,10456.932316
321.178254,776,10474.555509
852.950132,913,10497.506889
56.699027,81,10501.416536
18.190264,35,10501.954121
86.760254,111,10504.348559
65.511741,130,10508.222678
-6.984208,55,10509.033509
33.969618,127,10512.7987
-103.170121,285,10519.695171
-1.0,1,10520.569037
-1.0,1,10520.584319
809.518414,3109,10598.222547
-3.098638,39,10599.840265
78.377195,168,10604.416943
1628.078559,1924,10647.914515
537.402932,588,10662.754009
1465.867399,1637,10701.10149
-1.228208,3,10701.145267
4.358231,40,10702.683007
140.920473,366,10712.331244
-9.242636,243,10716.747864
43.639388,240,10721.993196
4.825331,53,10724.53364
34.803619,71,10725.575576
-1.0,1,10725.590531
6.1406,165,10730.420504
1373.001878,1627,10772.751558
311.579765,404,10782.145333
-7.045025,154,10786.059171
168.526742,202,10790.54321
8.0,10,10790.689124
-307.4,384,10799.808212
85.525331,338,10808.965157
382.672372,411,10818.93646
293.414993,635,10834.028287
1071.317304,1140,10859.888464
-6.263895,38,10860.439172
879.058614,1573,10900.436366
615.555319,716,10918.588602
0.710869,25,10918.955005
490.894338,552,10933.99562
956.076417,1007,10957.12722
581.742499,1089,10984.204408
27.058699,32,10984.67888
1694.052674,1851,11029.816381
858.255517,1119,11057.565701
454.042096,854,11078.513509
1258.052576,2569,11141.525311
26.8928,173,11144.713955
65.926569,72,11145.765243
956.871136,1027,11172.917687
80.138728,190,11177.244317
97.101207,468,11188.384368
-63.763804,243,11194.294227
409.873925,469,11208.448539
1021.532033,1107,11233.20658
44.019538,60,11234.078537
1990.773535,2302,11286.492032
517.007769,710,11301.860085
-41.164943,83,11304.615236
390.351595,447,11314.263633
-12.230658,187,11318.616035
0.589166,27,11319.009864
449.0,465,11329.784931
10.432561,64,11330.728478
581.777002,701,11348.990692
453.707545,519,11361.976234
674.241223,1705,11405.229323
19.091369,207,11408.777136
41.15266,114,11411.409026
334.061153,346,11419.951372
1495.924088,1512,11454.167603
948.917777,1043,11480.663301
1208.931185,1347,11516.384758
1112.627682,1318,11548.947247
666.084801,988,11573.478182
1336.950243,1475,11608.588463
-0.978867,3,11610.359282
491.90564,625,11625.379509
685.244079,1081,11647.936925
3.854652,129,11650.914732
-8.2,10,11651.060565
1.303386,425,11661.369622
-102.2374,162,11664.908792
4.0,6,11664.995002
2.217954,135,11668.001597
1421.712186,1577,11706.360219
6.485904,205,11709.835304
-5.921729,44,11712.897018
679.808047,861,11734.860332
391.317416,449,11745.441384
456.354497,557,11756.846272
362.179815,459,11768.366079
625.649782,763,11786.776015
263.573302,611,11800.697513
97.063354,123,11803.315952
23.917652,170,11808.061518
704.756626,984,11832.806326
6.0,16,11833.037126
32.497005,149,11835.725936
1175.065453,1602,11875.767575
1644.849151,1758,11920.24576
-2.6,35,11920.753375
287.904298,419,11930.835835
11.498089,72,11932.702077
73.424678,178,11937.623815
208.024959,499,11950.884657
596.385802,823,11971.188978
-65.227621,301,11978.06434
1484.144476,1653,12020.904338
17.396988,243,12027.637519
717.97161,724,12044.613247
524.900002,540,12058.766391
-31.996317,78,12059.909291
353.554691,511,12073.276748
179.303126,405,12083.773965
1772.436713,2366,12140.064172
225.695182,311,12149.56819
438.158293,483,12162.470952
1488.663165,1619,12202.057233
-1.0,1,12202.072271
244.818402,262,12207.183373
538.222951,742,12228.728071
587.089109,683,12245.561204
39.0,41,12246.868158
350.733756,458,12255.505216
348.265451,474,12267.116601
536.187025,761,12286.699504
834.595167,945,12310.346915
997.698965,1126,12338.524328
310.55481,467,12349.11751
161.576306,621,12367.904475
41.953777,100,12369.716577
-1.0,1,12369.73257
458.250678,544,12384.893292
1369.221045,2109,12431.102456
273.50503,337,12438.861527
40.876087,366,12449.391247
-0.965227,2,12449.419882
1655.617003,1731,12492.753119
160.184311,178,12496.219058
747.999233,833,12518.720176
5.0,7,12518.821421
269.033345,548,12532.419329
15.735499,202,12537.79994
90.008503,299,12544.233084
44.159126,414,12558.181343
338.587266,376,12567.487316
-32.39846,50,12568.212495
-50.243832,448,12578.636347
170.976412,232,12582.945466
-1.0,1,12582.962283
-1.0,1,12582.977614
42.468619,100,12584.524218
206.991243,210,12591.284273
732.369811,811,12610.887112
-101.0,126,12612.977071
1110.571992,1127,12641.519741
158.928059,385,12651.216003
299.869143,346,12659.339801
-1.0,1,12659.354681
56.714944,78,12660.485034
356.592673,496,12673.665038
-1.0,1,12673.680707
121.0,123,12677.514276
169.579679,422,12686.302077
517.288839,598,12699.733172
140.053773,210,12706.309211
649.347404,821,12729.047176
63.143975,249,12734.659738
0.877553,26,12735.04841
686.877702,891,12756.371232
-1.376523,5,12756.442474
1043.139702,1263,12785.975492
4.0,6,12786.064527
388.00537,399,12797.720868
1512.804539,1735,12842.422982
-10.941216,102,12844.748301
15.775749,134,12847.904599
140.616331,226,12853.573237
475.0,513,12864.625584
-16.2,20,12864.914894
430.768063,589,12881.100227
528.073545,637,12898.034637
-17.8,22,12898.357359
112.845647,327,12907.016148
47.076344,82,12908.214641
-12.21253,86,12911.674041
14.642363,170,12915.155017
656.46817,702,12935.841809
1402.004611,1560,12973.589783
-10.6,13,12974.461779
-81.0,101,12975.974801
201.752804,245,12982.19644
675.653498,725,12999.755825
-21.0,30,13000.235023
75.174087,172,13005.56525
824.617966,1031,13029.496448
-73.078521,156,13032.381651
2.750836,43,13034.753595
441.081719,636,13048.646471
1514.079151,1577,13087.169105
590.212217,628,13106.593355
24.184203,57,13108.206312
380.360763,493,13117.636097
1577.784997,1648,13156.644173
-139.928859,227,13163.356241
166.476226,256,13168.596253
130.986825,439,13179.691275
476.869038,573,13194.305237
27.845511,102,13197.653691
217.806616,250,13204.451826
868.754898,1395,13235.339642
-1.0,1,13235.354429
149.745957,199,13239.244285
-3.104759,10,13240.716272
33.0,35,13241.225491
36.071404,84,13242.455441
-1.0,1,13242.470377
624.781455,653,13259.787374
-50.130848,504,13272.454864
564.372749,753,13292.076552
778.964671,1047,13314.674827
102.864974,209,13320.507343
-14.253217,46,13321.23634
627.519865,826,13343.672399
132.193294,205,13347.70653
1.336781,27,13349.350795
487.50223,712,13365.984096
2497.401456,2770,13435.578446
-4.18403,782,13455.118649
385.116507,1157,13482.077973
-1.0,40,13482.671653
310.396704,375,13490.676273
-9.775723,48,13492.28771
84.49935,176,13495.542397
714.284039,1414,13528.399724
1060.561658,1146,13554.756581
481.118596,571,13568.924533
305.953096,333,13577.994289
278.803775,513,13590.512277
-2.002897,13,13590.712513
369.981987,378,13601.758422
994.66063,1515,13639.165522
1093.997099,1177,13669.620456
102.216974,195,13673.181415
-1.0,1,13673.197049
10.540767,155,13677.308065
17.350264,44,13680.331939
19.102143,29,13680.770353
526.29213,539,13694.899839
-6.365822,71,13697.982156
930.234035,1030,13724.241558
1482.102319,1889,13769.915024
948.970059,1028,13794.702707
1477.299892,1538,13833.960723
-1.0,1,13833.976826
881.225407,965,13858.360229
806.004718,843,13880.279492
1.67329,13,13880.482526
397.777938,513,13893.978664
106.045902,122,13896.748906
34.619927,287,13903.526809
94.554636,160,13906.831756
-1.0,1,13906.847003
450.422143,569,13921.349235
487.928745,553,13934.062684
13.457487,25,13934.429408
-1.0,1,13934.444379
58.661945,255,13940.600381
216.379559,341,13947.950576
274.541375,386,13958.642475
610.700922,631,13976.136448
117.455964,200,13980.799628
237.427175,271,13989.088252
-1.0,15,13989.308894
753.431754,805,14005.157057
653.728691,687,14021.553541
195.744102,206,14026.764724
480.634483,814,14044.783412
81.257289,102,14047.838909
474.371721,635,14065.302702
886.340547,1130,14091.46798
448.653971,652,14110.639274
1.246462,37,14112.735674
-25.8,73,14113.793184
165.137899,179,14119.073843
16.872638,64,14120.0174
-1.38288,11,14120.177417
817.761976,897,14146.312253
4.566166,9,14146.445279
-1.836175,8,14146.564907
859.90252,915,14171.617348
-31.378016,163,14175.174504
22.2403,176,14178.48747
770.9249,894,14201.490234
720.260863,749,14221.785611
1362.412465,1661,14265.172942
-1.0,1,14265.187935
165.412448,230,14273.60957
1560.426549,1754,14316.6561
146.468445,210,14320.504243
9.8,55,14322.746648
41.650689,58,14323.615754
1624.310557,1781,14370.175107
1341.515874,1464,14406.961279
774.683433,811,14429.214517
264.935424,399,14437.352409
17.89305,42,14437.967823
823.224045,844,14461.114692
156.165566,362,14473.659027
32.447053,91,14475.845621
358.688862,426,14487.908127
13.122692,141,14490.716485
-3.276556,47,14492.360994
-69.8,87,14493.637316
-181.8,227,14499.35513
544.082362,695,14516.809129
3.960371,33,14517.295684
914.04793,1000,14543.348854
-1.0,20,14543.642751
2665.073478,2983,14617.91031
261.51901,528,14632.437643
1481.273433,1814,14677.889978
795.123882,798,14697.080025
1030.923705,1089,14724.251281
642.0202,765,14742.850855
32.884135,148,14746.119008
874.17427,973,14770.53054
844.25151,919,14791.867042
-11.599862,193,14796.887085
21.517554,31,14797.332054
415.856711,435,14806.55626
820.621041,901,14826.81175
288.491057,335,14833.838849
-57.0,71,14836.381382
102.976651,135,14840.931989
141.560574,219,14846.512971
-1.0,1,14846.527801
695.40324,726,14863.939725
566.049774,721,14881.133022
1308.920008,1428,14914.225477
318.172583,481,14928.516026
967.291297,1122,14956.919961
370.0,372,14966.303775
371.589771,410,14975.127016
228.360408,351,14985.598649
5.65465,60,14986.517848
1744.527566,1964,15039.615869
4.0,34,15040.108382
394.454531,456,15051.424931
981.876311,1192,15081.965822
282.986034,330,15091.054004
379.913823,579,15107.125655
383.0,395,15120.188749
498.786159,556,15131.321663
24.408965,50,15132.730723
-1.0,1,15132.745004
28.314571,390,15141.610555
665.088553,683,15157.248463
50.584236,63,15159.60733
477.610121,666,15176.366706
37.303607,87,15178.787534
50.121956,84,15180.092314
48.0,50,15181.925999
175.983971,247,15187.874958
-1.0,1,15187.889244
-48.627599,398,15196.27257
7.0,64,15197.854109
760.979332,948,15220.945308
433.087809,547,15233.280623
-1.8,17,15235.063626
197.0,199,15240.61614
943.937431,1056,15268.96135
228.966462,277,15276.244459
2172.810293,2685,15347.820582
-1.987862,20,15351.423393
171.0,173,15355.548278
971.74411,1485,15395.720524
533.811961,547,15408.675665
-1.0,1,15408.689786
406.898715,532,15420.826072
-25.8,32,15422.456759
288.393751,482,15434.512263
633.194372,648,15453.485482
6.783722,186,15456.826156
136.36684,175,15461.170964
67.2387,118,15464.611234
477.340755,765,15482.024033
2799.734448,3732,15573.872049
0.945881,23,15574.208216
195.409603,462,15584.192176
41.964412,66,15586.238546
857.469594,867,15607.484278
620.0,622,15623.521168
-1.0,1,15623.55344
20.258948,130,15626.101509
471.392411,522,15642.414634
243.816486,287,15649.967594
121.222476,164,15655.146873
772.441122,782,15672.815331
1159.849698,1219,15701.446522
8.061972,38,15702.019431
2.156861,55,15702.827262
8.774329,13,15704.293869
18.0,35,15704.813638
26.214149,123,15707.239615
86.2,95,15709.096713
173.0,175,15715.013238
34.123173,167,15719.103856
380.913133,649,15738.75757
234.808983,263,15745.840117
-1.434668,6,15745.928997
373.227588,379,15755.985077
745.637444,878,15778.160505
721.1754,786,15794.376103
2087.86281,2304,15855.685696
698.99909,728,15874.6908
64.518513,79,15876.863101
415.951398,454,15886.009455
952.513038,1020,15914.015945
146.356183,193,15918.688396
108.606891,191,15924.068425
163.4,185,15927.299299
1274.458765,1406,15961.143552
571.917813,711,15978.555233
767.699217,874,16000.171307
-24.2,30,16000.612432
79.48628,127,16003.32665
650.104096,682,16019.570511
504.159806,690,16034.329505
-9.8,12,16034.506493
398.0,412,16043.686638
290.977652,539,16057.590252
59.173384,72,16060.971181
235.0,247,16067.478703
-1.0,1,16067.494695
-25.8,32,16067.964267
20.160424,92,16072.6835
1598.342423,1685,16116.842565
-29.940668,69,16118.962042
365.83744,371,16129.108885
854.884878,953,16149.480012
819.561782,923,16171.638627
48.211425,277,16180.020847
-2.528952,74,16181.113442
1697.966251,1763,16228.683988
-12.688244,41,16229.281885
923.064055,1046,16256.492843
572.092268,864,16275.718216
1195.918089,1644,16316.600549
22.219836,43,16318.420285
84.633546,96,16319.823011
1072.213627,1335,16353.012582
1030.600218,1085,16382.255852
265.170117,304,16388.219099
684.060464,711,16406.743779
767.845144,817,16427.189456
1144.615881,1207,16458.171688
-28.27788,110,16460.792932
0.929902,10,16460.940341
575.628189,635,16477.11712
171.368993,205,16484.81168
191.942059,226,16490.240704
699.156481,930,16513.258499
340.163568,370,16520.174419
129.832297,298,16526.364568
488.173029,871,16548.83483
173.993674,182,16552.989809
1654.169971,1993,16605.459526
825.44905,842,16627.174742
219.28815,282,16634.829493
297.105779,343,16642.334377
1027.056064,1444,16677.615557
360.272429,476,16689.847571
452.548401,1124,16717.652007
628.310487,850,16743.206758
-1.0,1,16743.221202
324.727072,399,16752.857367
349.0,351,16762.9984
-1.0,1,16763.012743
432.115431,537,16776.134456
2470.464004,2941,16847.493568
14.372853,210,16853.126111
717.55605,940,16877.291708
513.50464,547,16889.126437
1388.113184,2309,16946.44128
-1.0,1,16946.457226
186.0,207,16950.48403
27.608839,99,16953.251367
10.552403,114,16956.270111
407.07204,479,16967.354473
268.162256,290,16973.64961
324.646273,407,16982.845596
954.0,967,17006.900184
772.215304,897,17029.650198
2403.802518,3187,17115.860409
324.172355,381,17126.227831
339.345609,435,17138.366549
573.224195,586,17153.615647
0.863104,40,17154.236415
1581.44342,2436,17219.621575
4.315251,52,17220.390752
92.028452,111,17222.681776
56.187205,283,17227.850254
538.567002,664,17244.414688
738.880335,859,17264.970436
1439.499629,1852,17312.83269
1569.611425,2038,17365.227905
1660.59564,1736,17409.386437
1041.22919,1221,17441.740109
820.335976,907,17468.547551
470.821126,571,17484.53631
1714.530812,1747,17525.588734
164.413593,235,17530.857916
177.026432,191,17534.886895
103.246612,199,17539.907321
747.15601,1068,17567.405926
785.219185,916,17586.216432
-24.595275,56,17587.05129
2.532206,49,17589.474127
903.187093,973,17616.788598
275.0,305,17625.218419
1298.517492,1674,17669.43993
162.924321,235,17674.955626
272.0,274,17682.329828
571.879977,607,17698.728819
1904.875256,1992,17750.909116
-2.816473,16,17751.147469
163.619001,370,17758.027547
417.861971,483,17768.492089
496.36199,571,17784.050571
1509.672187,1718,17829.189005
-27.4,34,17831.700244
492.940015,564,17846.438357
150.003546,250,17852.871525
-16.967745,175,17860.163176
219.63578,293,17868.619667
1456.771208,1857,17918.616463
1379.28296,1904,17967.829482
1475.498218,1672,18008.323638
167.394894,256,18015.149345
655.589649,827,18033.052949
265.652774,376,18041.523036
193.547871,239,18047.361099
66.742018,106,18050.617146
953.107521,999,18076.795379
-1.0,1,18076.811094
1069.016562,1160,18107.818047
441.192332,482,18120.110674
831.827123,989,18143.889213
0.240435,11,18144.051553
-52.203229,177,18148.152926
-10.6,13,18149.028971
581.728511,634,18162.740908
373.116115,913,18186.953899
1645.60901,2026,18241.003885
483.430327,523,18253.29452
253.018737,424,18264.883108
342.517786,531,18277.478703
2.939119,36,18278.003143
714.534413,732,18294.933189
197.019397,461,18306.894069
166.309247,180,18310.406468
18.162845,106,18312.876963
1667.158911,1810,18360.471254
683.981536,888,18383.501444
363.0,368,18392.630626
277.064983,341,18401.787075
-2.6,3,18401.830565
333.318557,458,18414.375833
5.545057,63,18417.220311
6.759557,149,18420.149301
615.568349,719,18438.967972
205.452479,325,18447.945235
1456.171495,1477,18487.55387
551.012782,709,18506.223068
157.450279,197,18510.456144
1809.615422,1975,18558.391205
268.598126,332,18565.653195
8.788927,79,18566.801941
286.260479,337,18576.096103
28.79838,120,18579.933422
666.42715,793,18598.695758
22.927634,236,18604.65567
-3.60249,256,18610.973176
594.199456,657,18629.362282
391.0,393,18640.420676
482.0,500,18655.703623
50.146451,95,18657.074411
631.967935,722,18674.414983
892.723678,966,18699.025208
654.921778,853,18720.225284
425.385982,459,18729.955827
243.478686,272,18738.102672
182.70215,229,18743.30523
-24.2,30,18745.591295
-1.519416,42,18746.202616
148.600084,207,18753.324459
510.579866,543,18767.158332
-18.562923,79,18769.058864
52.675825,173,18773.585329
-10.6,13,18773.774984
301.863502,495,18784.550453
1948.624977,2308,18843.074888
342.175618,354,18851.289012
103.776682,167,18857.860231
-32.297113,88,18859.148654
703.58223,823,18879.755691
62.892976,147,18883.451576
448.74481,552,18898.162239
1459.79011,1583,18938.379513
91.707558,161,18942.070208
19.668309,71,18945.92997
-6.652247,156,18950.38903
181.28515,223,18956.325648
1114.427869,1339,18987.683098
143.568961,163,18991.115967
-2.143315,26,18991.516834
233.535356,260,18998.789407
-1.0,1,18998.80441
1202.734383,1344,19035.455938
-10.692981,15,19035.680836
824.922532,1066,19063.722484
107.870348,291,19071.208568
374.193165,527,19084.326449
734.379679,914,19111.576406
246.675071,339,19120.443307
205.014038,282,19129.37939
407.602647,463,19139.814367
610.681523,669,19161.630013
866.3054,1020,19186.871882
1470.656293,2194,19240.937783
1.698259,13,19241.128758
494.982247,588,19255.74649
-1.513269,4,19255.806012
-0.723307,12,19255.980359
792.201669,1059,19279.308441
-16.443515,73,19280.423362
211.808799,463,19293.111112
303.379005,379,19302.059974
180.0,200,19308.355833
1111.305783,1425,19345.271269
641.28651,840,19365.77347
-1.0,1,19365.788268
742.650857,2107,19423.598862
565.830407,596,19438.35687
-1.0,1,19438.373234
369.65347,539,19453.022234
606.62794,950,19476.844568
15.623567,34,19479.139607
382.977466,600,19493.132006
507.271357,685,19510.714562
613.658032,669,19527.978542
2473.234025,2761,19602.364955
0.0,2,19602.397265
799.322109,861,19623.613201
1550.025781,2034,19677.49953
2737.812278,3178,19764.301834
-2.249631,100,19768.500939
55.7419,120,19771.037148
-245.228977,583,19782.791058
1147.567255,1278,19816.452184
268.219276,302,19822.402694
-12.2,15,19822.623467
1504.930142,1663,19860.936185
-3.4,4,19860.99687
2538.817092,2696,19931.270375
1.537758,32,19931.734565
1733.181873,1751,19979.435723
-316.040834,734,19996.602476
1368.03859,1564,20039.236498
80.168917,132,20042.615105
1526.187593,1676,20085.016433
849.13733,1034,20110.037915
2031.298498,2220,20170.387249
792.16859,799,20189.790437
776.240065,877,20214.408216
1622.886707,1688,20254.988746
462.184566,734,20271.866006
4.74152,28,20272.277803
-18.722565,26,20272.69101
961.669337,1064,20304.08329
637.264978,725,20322.514928
2.032633,25,20322.883802
10.495941,759,20342.185298
45.838365,217,20349.521355
536.735541,635,20363.784503
197.84777,249,20371.873017
97.430898,164,20377.028114
187.557403,219,20383.443942
598.2,618,20401.04249
1255.149428,1538,20440.323592
872.918772,924,20465.816072
1.361578,17,20466.060692
5.321181,44,20466.697444
1356.746941,1643,20509.207035
927.983407,990,20532.454495
-45.038707,227,20538.875745
-0.262686,13,20539.066813
312.907443,392,20550.63146
934.8207,1057,20580.027554
22.053452,116,20582.622422
607.382787,648,20596.671562
607.74585,700,20616.55523
5.269426,22,20616.874309
559.024826,594,20632.387849
2124.59568,2389,20699.117536
296.57416,366,20707.182674
93.2,104,20709.477278
-63.517118,101,20711.14932
441.370034,448,20721.721255
-1.8,2,20721.750878
949.675136,961,20743.766835
-2.889418,12,20743.942621
571.092507,577,20759.133627
505.309479,581,20772.30649
362.508173,378,20782.001927
333.123856,466,20792.927446
117.422366,707,20812.550496
809.093406,863,20834.748991
1089.151739,1249,20865.234263
-126.6,189,20869.662677
1195.905329,1486,20905.790903
307.172789,403,20915.498475
1013.104477,1070,20941.919493
206.209381,249,20949.314297
2579.170862,2836,21024.387131
590.547848,632,21040.161076
1114.508683,2047,21094.579178
622.111648,657,21111.156489
74.322561,98,21115.096983
952.187361,1036,21142.163177
-33.772274,285,21152.323771
187.0,189,21156.16644
154.476028,273,21162.324795
337.326382,395,21171.581789
569.403035,810,21190.731707
-24.773778,107,21193.935577
750.046037,862,21214.923655
776.164833,864,21235.862778
1828.181786,2171,21295.127724
-111.4,139,21299.216999
3589.545577,3910,21396.949983
66.944301,75,21398.097006
1022.170487,1078,21429.982599
877.370261,1156,21461.357168
252.411215,463,21472.811668
43.0,49,21473.527117
247.676976,347,21481.453495
1518.852955,1561,21521.073692
690.897431,847,21544.68698
845.721458,893,21565.357594
578.172066,756,21586.662764
541.084897,555,21602.948828
381.194234,480,21617.170215
345.0,400,21626.258233
1091.367578,1259,21660.82766
73.0,80,21662.996948
218.329372,244,21668.552783
2268.466339,2685,21742.718627
-52.2,83,21745.359639
29.098839,125,21748.015658
827.868302,924,21771.902467
955.399048,1014,21799.114498
801.397342,836,21820.653595
34.0,36,21821.20791
648.652068,757,21841.104386
822.136666,905,21864.803172
1426.006249,1531,21911.022057
400.90545,529,21924.945591
877.563663,1068,21953.797947
-17.0,21,21956.221643
308.49046,334,21963.129099
-1.8,41,21964.426139
1937.174298,2233,22022.940847
22.026595,141,22027.84249
1.828756,16,22028.076096
602.024849,650,22042.613361
1496.681323,1726,22088.140257
812.929137,828,22109.2062
3.379304,59,22110.777515
824.049222,889,22133.532668
-53.065205,138,22138.251791
71.164107,247,22144.827593
332.394769,417,22154.595258
-14.685956,134,22158.055627
950.166387,1012,22181.759948
-70.464839,121,22183.919767
41.722376,100,22186.743397
-9.57516,85,22188.353205
1069.058478,1182,22217.463634
384.620573,421,22228.366958
3209.652272,3650,22316.957441
2.0,32,22317.429242
13.563087,118,22320.058936
11.689738,107,22322.508302
1873.733006,2091,22375.33986
133.329256,173,22379.264815
1657.531553,1718,22424.804402
2528.589797,3087,22499.804121
7.877915,26,22500.182479
2230.121982,2621,22572.093363
-1.0,1,22572.109877
231.706111,302,22579.083043
86.333901,134,22581.517459
1154.448518,1384,22616.037174
728.886499,842,22639.26533
65.108753,108,22641.789464
1787.303469,1890,22693.095979
522.046696,550,22705.907565
190.206191,228,22712.222034
768.096927,786,22733.314245
336.0,349,22744.889774
53.147094,161,22750.819514
1183.194721,1205,22781.645241
279.128292,417,22794.425881
630.054596,663,22812.696712
1440.59415,1555,22849.480377
-1.0,1,22849.497211
2060.807757,2076,22906.601782
24.580412,37,22907.137101
398.496104,470,22920.473442
2651.951532,2936,22994.908113
23.658516,109,22996.499277
448.927876,480,23011.956777
-1.0,1,23011.971796
2808.298123,3180,23099.566243
24.183119,41,23100.163296
-1.0,1,23100.177985
4.336477,20,23100.470508
18.651014,79,23102.705402
449.070787,509,23118.018162
-0.845665,4,23118.078823
681.999521,817,23139.014295
723.152389,788,23159.737458
86.356931,267,23166.071285
-1.0,1,23166.086455
-231.79489,518,23178.651498
884.015657,952,23205.036963
1150.626316,1236,23239.630231
36.541191,76,23240.74775
-65.8,103,23243.288644
415.719613,522,23255.090607
-8.2,26,23255.469138
977.966137,1007,23281.109206
1.859202,28,23282.038964
185.925944,274,23289.446213
59.0,75,23290.527197
171.826592,255,23297.150548
-28.2,48,23299.079195
16.2,64,23300.009347
-58.581621,89,23302.585608
2.013091,67,23303.986799
2047.480904,2344,23363.041553
985.033173,1061,23390.877727
1582.364399,1606,23430.287598
105.2,113,23433.468637
7.0,23,23433.809228
180.672639,320,23441.60753
63.246661,100,23443.940881
633.71782,693,23463.519225
-27.711996,91,23464.855464
160.884215,511,23479.161283
-1.0,1,23481.540166
21.99519,798,23502.300143
666.027801,729,23520.651512
65.3251,249,23528.699533
1371.508923,1457,23565.8634
-0.847435,9,23565.996101
-0.48962,9,23567.03253
142.911382,220,23573.446253
1756.342276,1935,23621.353843
1609.742453,1754,23664.482833
6.515716,183,23669.386577
-1.0,1,23669.403021
37.559522,50,23671.730161
-9.216706,48,23672.446329
346.52081,430,23681.515946
529.457684,705,23701.566958
-14.754851,619,23716.257356
1217.266412,1353,23755.385777
1042.127175,1133,23791.609061
-6.220779,145,23795.628229
710.952371,739,23817.408335
226.295466,247,23824.336939
410.132828,444,23837.595917
27.980064,73,23838.664547
1313.392051,1363,23878.700838
-1.0,2,23878.733515
572.107377,638,23896.523841
724.005756,757,23916.60752
-14.532007,103,23919.234428
571.146642,590,23933.811525
2549.79142,3072,24016.842673
1909.255003,2121,24072.620825
504.351564,808,24096.972822
1333.207405,1553,24136.371766
460.0,465,24148.43756
-31.46408,89,24151.146423
87.887844,109,24154.029643
2858.95644,3355,24246.409262
706.158736,797,24268.80833
547.933017,591,24281.781055
281.027738,540,24299.459592
386.597365,447,24309.910539
233.862934,357,24317.967248
-0.348724,16,24318.202805
344.053237,404,24331.544338
99.858843,153,24334.415942
764.659141,870,24356.135437
362.637767,636,24372.358135
-37.379516,210,24377.186184
664.686467,706,24393.748311
2575.446704,2811,24463.970754
1138.988158,1376,24499.765533
480.792831,542,24514.302
700.0,702,24534.836404
-6.6,64,24535.784128
518.618567,575,24551.228653
1138.697031,1332,24584.203709
1385.341134,1433,24623.699185
-22.033707,33,24624.184585
-1.014427,6,24624.272877
1560.938733,1615,24666.442434
0.574097,24,24666.793122
483.214934,653,24686.164977
121.99306,170,24690.608359
-9.8,19,24690.888017
576.860646,617,24705.376775
-1.0,1,24705.392328
609.351642,849,24729.323773
980.992636,1019,24758.545117
130.520603,228,24764.253685
970.789198,1001,24799.114169
1096.682627,1353,24833.843773
694.430882,775,24855.799444
1056.385085,1099,24882.621759
-1.0,1,24882.637161
1002.905504,1078,24910.668488
-36.781028,124,24914.275661
162.619638,269,24922.508981
431.172809,518,24939.232437
1144.771234,1240,24972.401999
198.849897,221,24979.086356
27.063752,80,24981.290871
532.938387,603,24999.881409
-25.582108,136,25003.383987
2.051132,83,25004.608994
920.59758,980,25030.694969
-24.334611,39,25032.705934
398.757051,411,25044.653804
-24.23386,225,25051.839909
320.979498,470,25062.517276
3.796483,31,25064.112713
438.983226,516,25077.143432
191.665195,321,25084.050784
851.0,853,25105.691731
981.136287,1050,25136.911077
-13.391307,52,25137.670702
508.494682,550,25153.547008
1499.131595,1710,25203.042195
1337.801582,1824,25252.907636
1240.733085,1334,25288.602397
121.0,126,25292.704186
17.0,19,25292.988168
164.359803,270,25302.144574
1149.241139,1233,25337.261431
-29.358199,155,25343.767349
13.635457,119,25345.735821
-17.8,25,25346.103591
783.092699,803,25364.896424
795.81038,845,25389.380922
1070.0,1075,25418.862237
790.924796,1021,25444.030829
1413.891542,1646,25490.486801
1072.877422,1134,25519.363453
786.400761,851,25544.156335
710.465716,816,25563.322722
43.0,45,25565.418566
605.763893,665,25581.437463
-48.123409,63,25583.801244
421.141842,465,25594.211238
-294.6,368,25603.980853
1339.490616,1502,25645.146886
1916.897173,2057,25705.127604
1678.841831,1930,25760.874768
754.201478,865,25784.301008
116.817641,177,25788.451601
631.722574,720,25810.822077
278.937836,728,25830.895998
802.256017,863,25856.606112
168.011265,269,25862.273159
34.0,62,25866.09127
201.298968,240,25873.031723
10.852925,55,25873.866822
735.580961,993,25899.456605
2.691271,69,25900.472808
269.778828,352,25910.587852
-3.714067,18,25910.856921
456.882323,473,25923.656092
8.346556,126,25926.47636
1169.943633,1361,25964.945273
132.911936,383,25975.013494
1613.537275,1811,26023.38918
154.0,156,26027.950347
71.920172,130,26031.734417
1056.67172,1164,26065.085212
1428.254555,1491,26103.591089
459.953807,532,26117.354709
867.1719,879,26142.624758
1333.840279,1606,26184.578577
1925.203762,2101,26243.733436
531.221401,590,26259.781396
213.226576,310,26265.013218
1802.645626,1884,26319.778705
419.0,421,26332.502297
69.445862,104,26334.887577
1530.910656,1591,26382.978873
994.029394,1157,26414.782119
1059.632595,1227,26446.4792
541.772692,786,26470.962883
-28.2,35,26471.481033
146.77823,377,26479.979531
207.032779,228,26487.077319
-134.095571,317,26497.952097
372.0,376,26507.143998
1.968707,5,26507.217288
37.651608,92,26510.022887
-1.0,1,26510.037175
571.0,573,26524.420977
779.26183,943,26548.828618
782.476674,846,26572.834172
1546.218374,1673,26620.059562
1986.738487,2000,26677.587686
26.220868,225,26683.042295
674.709125,769,26700.077352
2006.299197,2280,26767.084654
-0.567577,9,26767.220971
81.64188,111,26769.533711
-26.989137,65,26770.503947
71.0,73,26773.147962
802.944033,832,26796.073952
332.94871,377,26806.355799
-1.0,1,26806.370927
2745.215998,3339,26896.597574
797.724761,827,26922.710304
851.644033,866,26946.202064
33.527331,160,26949.199609
1310.974399,1738,26997.556841
962.100879,1033,27025.673472
669.682791,704,27046.588456
-12.529804,70,27047.616123
8.924267,96,27051.319396
209.096508,253,27058.789013
-21.8,59,27059.968174
65.194409,273,27067.364839
222.088892,232,27074.329312
395.542913,414,27085.759635
-0.086931,19,27086.04834
779.718044,874,27109.296625
2880.480767,3226,27195.001889
1230.67856,1250,27234.859949
-1.0,1,27234.875994
1078.217578,1262,27273.312049
200.715026,280,27280.747029
390.869668,405,27289.904099
68.384714,93,27292.778844
756.904675,778,27308.355569
-39.754534,52,27310.798144
-30.074965,96,27313.993968
-6.919287,55,27314.811662
1163.304677,1355,27351.180841
323.397443,342,27360.468494
66.0,91,27361.819565
458.29023,513,27375.097217
1788.989542,1920,27427.632532
41.998324,160,27430.74866
665.782414,796,27452.734968
-1.01166,6,27452.843903
-1.0,1,27452.859466
863.329061,930,27476.842389
639.327144,642,27493.532951
326.2128,407,27504.82787
1742.107909,2046,27565.923547
293.708782,605,27582.553897
860.035489,876,27608.81896
524.150715,589,27626.440302
2129.560531,2352,27695.783886
-4.851166,22,27696.106649
-1.817573,5,27696.180126
-65.564015,126,27698.964365
1336.526172,1532,27740.073273
771.485554,784,27763.887388
129.492639,219,27769.695113
-1.0,1,27769.711659
1083.427801,1203,27800.597512
-3.087356,75,27802.580088
1029.745319,1180,27834.021562
1.0,10,27834.172693
-0.685354,4,27834.238259
1130.695831,1281,27871.620016
2345.24969,2381,27936.183914
180.813687,199,27941.34845
1218.541005,1279,27979.435946
504.486939,698,27997.022701
1737.17659,1864,28044.21143
256.700536,276,28051.8721
-1.0,5,28051.947451
639.566899,654,28071.852964
38.289137,162,28077.298788
662.888362,712,28098.763344
608.754039,665,28117.166692
7.775468,79,28118.335441
1201.010724,1409,28158.112087
633.462919,726,28173.542876
24.118704,493,28186.628191
90.729947,180,28192.112936
19.350177,152,28196.230677
-30.77326,323,28206.453465
727.452649,1030,28232.883011
305.713882,446,28244.812941
854.952035,1020,28272.858293
795.444402,860,28292.829586
402.0,412,28306.233227
22.606182,49,28306.952233
1844.743125,2055,28365.44039
1222.855928,1395,28404.160549
1138.526301,1201,28431.552875
1497.390204,1693,28482.183793
1234.68214,1315,28524.033697
221.0,223,28531.653763
2585.567304,2895,28607.02343
1153.936197,1203,28642.717612
116.233623,329,28653.54683
245.482662,296,28661.403906
1308.412259,1335,28701.446881
405.213622,449,28713.418806
335.503542,378,28725.315122
16.259445,84,28726.99825
2992.36349,3325,28817.308391
482.553418,536,28830.932083
50.397438,63,28831.856553
235.0,237,28838.986933
54.650046,60,28840.982837
0.0,2,28841.013215
3.968237,76,28842.144643
1631.708684,1973,28898.661191
131.492905,246,28905.723243
-9.065983,38,28906.283397
1590.713731,1682,28954.030008
2921.928052,3379,29046.982585
881.764672,997,29074.287988
875.316472,893,29099.097604
3103.386294,3541,29202.008414
-1.175505,7,29202.113065
-19.4,24,29204.057292
-1.0,8,29204.172126
-34.6,43,29204.794976
769.359819,795,29223.755267
5086.407464,6471,29411.511579
1058.064083,1659,29460.347624
390.523163,630,29477.755257
47.0,72,29482.615078
55.859376,352,29491.945058
524.426607,626,29506.430881
1753.563261,1856,29562.36664
15.360667,235,29568.964162
12.0,14,29569.167892
1106.048446,1378,29604.973197
2390.349187,2819,29686.54209
3.218406,48,29688.312862
84.0,86,29689.543264
-1.0,1,29689.558121
2212.146324,2554,29769.781254
146.065813,236,29776.248263
-41.0,73,29777.384386
447.633738,470,29789.578642
405.984255,427,29799.627558
-7.35776,149,29806.434937
525.683808,630,29824.34143
3888.414415,4187,29938.268704
-2.292805,166,29944.047685
1543.094881,1683,29997.136928
-14.6,45,29997.801111
194.37993,239,30004.320039
345.157652,385,30013.919524
-1.0,55,30015.857077
379.810554,482,30028.239571
0.481705,10,30028.38536
-317.14546,509,30043.630479
-10.275294,119,30046.366603
1108.053243,1234,30081.851636
607.08308,681,30098.540362
514.773179,528,30114.444121
2260.932567,2693,30194.985777
2.593741,24,30195.338948
1119.986917,1254,30226.107066
2880.723587,3034,30310.821699
-86.6,108,30315.270639
-1.0,1,30315.28524
150.651333,279,30322.450729
1652.249984,1880,30376.734616
5.842367,28,30379.951163
-4.483877,46,30380.638836
75.43497,158,30384.414498
861.896624,904,30413.637226
2290.744806,2543,30484.644444
481.646099,537,30500.262733
560.50368,797,30524.44953
34.0,59,30525.299487
-58.6,95,30528.229362
364.750898,413,30540.214997
17.988763,34,30540.707039
-79.4,99,30544.596384
-51.60935,357,30556.038383
539.217594,586,30573.439873
-16.2,20,30573.729118
293.184965,336,30581.183742
1124.472312,1177,30615.882288
1423.552078,1604,30665.777415
1198.93715,1224,30703.075703
1587.840965,1707,30750.375298
-1.0,1,30750.392963
139.849264,416,30764.498975
807.975401,924,30792.584744
216.994735,275,30800.96429
395.919141,494,30814.9001
473.855332,486,30826.38919
2.013649,14,30826.603954
138.583311,180,30831.899682
32.512274,58,30832.77106
-11.608358,140,30835.942776
206.242308,219,30841.20929
-8.800632,91,30843.859196
-1.0,13,30844.074271
4103.693812,4320,30967.035547
1171.12608,1221,31004.325061
-9.8,12,31004.508275
45.915178,113,31008.289231
587.0879,641,31033.712435
690.471249,705,31055.592419
-1.0,1,31055.606903
774.776044,801,31080.621283
554.92247,609,31097.108181
87.0,104,31100.989157
-24.2,59,31101.860569
718.515954,982,31132.597279
-1.8,2,31132.627282
976.192226,1122,31165.049002
4.0,6,31165.138905
365.684635,378,31177.81184
15.193246,45,31179.756623
218.0,220,31183.356771
166.727095,177,31192.185234
-3.265754,19,31192.464618
540.943327,595,31209.834571
5.0,35,31210.352224
251.158382,257,31216.838183
723.501663,848,31238.866211
2293.066327,2522,31308.278478
969.753367,999,31335.046088
948.811704,1068,31364.529752
-16.806443,45,31365.184477
1808.129399,1931,31419.263302
-0.142363,19,31420.811068
69.251023,233,31425.848276
541.887645,606,31444.832068
414.89901,640,31459.462605
1093.332425,1122,31490.93206
775.773247,807,31518.801072
19.090324,88,31521.440156
0.565913,10,31521.58763
948.909633,1039,31547.618305
-1.0,1,31547.635263
682.371888,748,31571.251107
-1.765904,10,31571.398162
271.828393,344,31582.717374
983.0,986,31609.829875
1439.002017,1555,31660.186947
228.279587,313,31671.783247
1949.972792,2250,31738.069731
143.584212,241,31745.155481
829.056839,891,31777.307256
627.460929,682,31799.496801
1634.438309,1684,31849.631236
27.586344,150,31853.345026
816.479893,843,31881.030992
105.023115,292,31892.447924
407.064909,658,31911.704093
1185.677931,1342,31956.151498
-16.971654,26,31956.53336
256.986453,443,31970.779528
199.969,341,31979.176015
902.613148,1073,32013.971811
1899.030991,1973,32075.652406
453.273194,525,32091.499279
-1.0,1,32091.514315
731.666804,958,32122.222178
4484.282286,4781,32261.242232
1960.950928,2007,32320.172563
512.587941,533,32333.434038
903.134245,1057,32366.328287
64.2,79,32367.507438
2254.624716,2449,32438.258013
-18.465173,157,32443.717336
-1.0,1,32443.732482
3635.805139,3857,32563.291226
887.012417,1046,32591.349876
18.2,41,32595.863618
-1.0,1,32595.879183
1817.906543,1911,32653.697307
-18.178983,39,32654.264254
605.040615,646,32673.956611
-5.0,24,32675.368223
-71.829386,99,32676.820148
363.009475,458,32691.064041
1629.3907,1706,32736.010688
1565.371169,1658,32783.370562
805.111725,924,32813.540163
668.960036,695,32832.863812
-81.918088,240,32840.618843
-15.4,48,32841.319724
1758.96665,2100,32904.010073
643.504507,935,32929.927805
1160.483622,1184,32963.948566
548.360964,595,32984.53479
1780.717433,1972,33047.145221
1026.530356,1230,33077.136819
29.0,31,33078.917435
219.435873,283,33085.625035
63.182324,96,33088.473071
896.040184,953,33111.827421
1866.195395,2199,33176.504919
511.115666,540,33194.349141
-16.2,20,33194.646218
684.579497,705,33215.426512
997.245352,1056,33245.368092
699.0,726,33266.024835
165.927312,233,33272.476441
453.917386,689,33293.979499
41.389527,54,33294.781
-1.0,1,33294.796164
654.503372,703,33314.057836
26.252055,58,33314.911092
863.139489,883,33337.483166
193.501165,699,33364.496236
492.578697,596,33385.732973
266.562127,421,33396.378814
478.907057,562,33412.945426
73.263817,144,33420.628755
876.532293,1170,33453.587046
-14.6,18,33453.853776
828.93817,852,33478.635976
888.039967,902,33509.325029
16.651649,304,33519.154609
535.56251,586,33534.907717
6.232675,14,33535.114298
502.759419,568,33552.410671
-1.0,1,33552.428358
334.42429,354,33560.883235
-0.064667,18,33561.149709
760.045009,838,33580.840602
1124.876152,1210,33613.388361
-10.6,68,33614.896565
8.849239,43,33615.530151
-18.6,70,33618.026259
363.892488,401,33627.242393
-1.359756,5,33627.315023
1772.202925,2015,33683.405199
1583.825804,1613,33729.429195
1833.714199,2063,33786.146741
1057.542534,1130,33820.895536
-59.765162,143,33824.348738
1183.677565,1308,33860.546252
793.811836,1011,33884.807092
418.973505,443,33896.603693
16.638189,255,33903.650445
177.40943,254,33912.507075
-26.379194,69,33913.552928
1114.267279,1179,33955.834364
80.557326,195,33959.703034
204.362206,244,33968.611706
-5.0,24,33970.823592
-1.0,1,33970.838502
1511.479678,1578,34017.01327
987.569766,1074,34047.434668
630.763855,753,34068.736594
1007.783655,1107,34103.351689
-12.2,27,34103.740646
10.761479,34,34104.236686
-0.642881,28,34104.642888
283.0,286,34112.721274
2015.288481,2094,34170.756875
1032.227449,1214,34210.300323
1672.025451,1865,34265.919061
121.0,123,34268.42415
546.51929,638,34285.779305
485.320038,534,34301.727711
-52.068575,69,34304.701578
-49.790091,69,34305.770725
65.55654,185,34311.66214
2279.612458,2437,34383.639908
915.328799,1024,34411.715154
892.676026,955,34439.829347
1183.533532,1373,34479.982545
45.02254,171,34489.935541
11.0,38,34490.518607
2619.977487,2824,34580.72338
1116.236055,1151,34613.239036
2864.858473,3252,34705.669725
-1.0,1,34705.685645
1633.759753,1747,34755.898819
276.18725,321,34762.800416
-1.584878,14,34763.033548
1971.438532,2020,34818.49073
5.402813,90,34819.809201
2.0,13,34820.003911
2663.075147,3068,34907.281865
1964.883322,2215,34976.952713
455.000874,559,34992.418812
-2.873065,25,34992.792459
579.308297,850,35015.14808
-35.4,44,35015.819469
481.667639,633,35033.227718
1099.672838,1151,35070.884593
434.567659,463,35084.226428
-48.42402,61,35086.642624
-1.0,1,35086.656867
932.844275,1046,35113.183244
423.637862,565,35129.196305
851.0,853,35153.480735
-4.2,55,35154.271242
577.375714,780,35174.380272
1649.80048,1818,35229.833773
611.612856,781,35251.163394
2104.667882,2369,35320.744677
250.622451,407,35330.637009
756.088743,784,35360.534703
-0.718978,5,35360.61027
1.0,56,35361.427438
895.633699,927,35384.369037
-24.27938,118,35386.103326
89.0,105,35390.113642
128.0,135,35394.622458
2661.108536,2872,35473.547393
1357.825908,1566,35516.663551
217.853844,245,35524.210633
17.8,44,35524.865633
307.0,309,35535.142403
6.38755,40,35535.747557
-1.0,1,35535.764877
1307.28117,1448,35584.654857
26.8,58,35585.51899
2612.580489,2848,35671.045803
346.312601,605,35687.194546
678.979687,1088,35719.047672
-5.090281,71,35721.921712
205.733516,260,35728.963212
1062.413705,1192,35764.080752
1903.915273,2065,35824.093954
26.046483,43,35824.731761
2366.793991,2463,35891.437386
-57.379014,82,35893.991788
636.0,639,35913.228742
945.467331,1008,35938.595818
801.844035,900,35967.000545
-16.2,45,35968.797729
-1.0,1,35968.812974
1251.961544,1340,36006.039773
1346.866037,1380,36045.646689
1415.26484,1631,36102.046449
1434.343828,1503,36142.707572
727.799501,753,36165.666553
818.236106,1080,36198.705491
243.704136,341,36207.360652
2030.917217,2080,36269.563832
2.0,4,36269.623173
478.171175,484,36290.725512
973.394967,1076,36325.79076
23.590755,39,36326.366859
251.261498,306,36334.536248
1096.590461,1271,36373.183009
192.0,194,36377.959993
660.0,667,36398.708856
220.726441,344,36407.756324
-0.587814,94,36410.217744
375.275488,539,36429.185879
22.163546,28,36429.618376
27.0,33,36430.13268
134.417131,225,36437.5596
-39.097386,74,36438.648657
84.948287,190,36447.848354
1713.35035,1800,36501.458521
1012.770913,1139,36537.642783
853.221261,888,36566.093296
-12.2,15,36566.31597
1194.028331,1261,36605.50383
230.38274,280,36612.897752
520.535854,547,36627.583785
563.98451,725,36646.316109
277.230361,474,36660.693209
-6.480348,15,36660.925054
-68.619007,211,36665.957456
563.516982,677,36687.695385
407.05611,424,36699.835105
1092.93119,1255,36740.757783
1095.643698,1381,36778.425384
699.896378,842,36799.988
212.461985,231,36806.052738
-1.379315,6,36806.139996
-66.124746,102,36808.946873
761.85461,999,36834.780109
416.606425,620,36853.865923
398.0,400,36867.658857
-1.092422,3,36867.703428
2846.370843,3083,36960.029575
13.355284,90,36963.034976
1806.96675,2035,37024.773235
0.502685,20,37025.071706
162.674342,251,37034.396523
-13.0,16,37034.631241
1917.316388,2300,37110.486796
-14.756878,49,37111.215232
2619.467806,2939,37200.38852
1945.241077,1984,37260.97349
502.0,504,37276.376153
751.993029,860,37300.136249
-2.1715,97,37303.632593
32.2,77,37306.278519
-172.2,254,37316.412984
1471.533614,1651,37367.124257
-14.344345,27,37367.538297
12.25186,118,37371.368992
-0.758596,10,37371.519517
-14.655151,19,37371.804514
1613.797681,1686,37422.294294
469.98378,488,37434.272593
37.0,56,37435.119152
2921.245338,3197,37525.007604
-5.24345,18,37525.276142
1760.626815,1991,37590.940125
1179.616993,1579,37638.668442
312.363077,358,37648.245596
2087.346433,2102,37720.617531
710.458641,767,37743.681083
109.214971,167,37748.880568
47.585764,55,37749.686146
3265.195066,3515,37853.424587
4213.682328,4802,38011.822076
679.628242,753,38035.11504
1943.716396,1988,38092.327297
62.666436,102,38093.846082
1.236271,20,38095.399682
1775.240918,1790,38154.11719
2297.596862,2446,38228.108527
16.0,45,38230.235733
2362.270195,2516,38321.159118
913.17561,1103,38348.666378
2044.171913,2186,38416.151587
637.789615,749,38444.823649
909.597936,949,38472.972938
810.511462,814,38494.623314
453.0,455,38509.87181
1187.462969,1373,38552.38838
67.99437,95,38559.1366
304.982768,308,38566.401064
-134.381719,312,38575.241251
1095.029865,1181,38604.245702
54.679984,252,38610.849024
31.108125,290,38617.639435
-1.0,1,38617.656071
-11.345995,57,38619.690334
2.02828,71,38620.731001
1465.914159,1531,38667.901092
0.83235,6,38667.992266
5.709733,10,38668.141631
1085.805295,1101,38699.322348
1475.041914,1851,38750.353461
270.370974,478,38762.81979
1019.177014,1225,38801.690421
3003.301617,3031,38901.512434
-2.02418,14,38901.719765
1308.923483,1333,38944.273842
-46.6,58,38946.421354
4345.340631,4525,39092.289697
3023.285751,3486,39204.100515
1784.616917,2015,39271.90688
1113.880846,1258,39310.569051
3390.480685,3608,39429.91381
1063.342136,1135,39464.31255
1214.421558,1472,39508.42567
312.0,314,39515.087883
-1.0,1,39515.103122
653.386849,712,39534.260876
1797.718711,2134,39596.552176
767.260295,791,39622.064268
391.694315,414,39633.573316
-1.0,1,39634.377192
93.773505,181,39637.903515
16.0,45,39638.55744
2463.022679,2553,39725.947602
1434.73508,1630,39768.160189
49.094521,401,39779.059332
410.0,412,39788.827573
2215.300994,2367,39853.041953
1939.612135,2011,39911.209023
1127.0,1129,39946.122709
4.126902,109,39951.479871
962.435211,974,39974.624004
9.154202,92,39978.541327
610.978067,653,39996.119276
-45.022615,128,39999.543861
1558.218075,1807,40050.041495
26.136588,65,40051.553675
5076.189614,5404,40217.787567
1054.356689,1072,40252.275805
481.534783,583,40270.147933
563.419899,677,40291.950713
-3.258789,338,40303.887605
773.703804,858,40329.184088
-1.374076,33,40332.527194
2033.531566,2145,40395.834611
535.620629,556,40409.239474
1448.442198,1489,40455.813484
-0.884797,3,40455.857636
1220.183161,1277,40490.999613
620.978532,628,40506.899947
3263.25979,3649,40613.564861
315.296451,382,40625.258054
63.009669,149,40628.621173
692.220919,730,40652.690896
2151.848903,2296,40721.873839
-7.4,9,40722.009573
2491.546634,2672,40813.815987
3356.042422,3497,40930.825589
1821.513948,1923,40991.464879
720.666898,804,41012.413216
-1.0,1,41012.428789
149.925318,222,41018.386104
37.669187,94,41020.850744
-3.4,17,41021.102732
-146.332821,185,41025.959132
1641.603047,1812,41078.557375
212.0,217,41086.364856
2028.778759,2201,41146.626413
1244.063493,1298,41195.484564
-1.0,1,41195.501241
548.0,555,41212.474424
508.074077,553,41233.72118
-6.6,57,41234.549257
-3.4,4,41234.612917
-0.010847,10,41234.761564
-0.346817,27,41235.159287
36.307858,77,41237.639436
1445.883243,1509,41285.366737
991.283196,1050,41319.101431
566.051318,651,41342.747713
25.993739,95,41344.159721
2275.878725,2412,41415.004428
2320.744137,2381,41494.924312
676.646155,707,41516.12486
486.278116,570,41531.167058
978.793243,1526,41579.016504
-23.2,56,41583.392675
-0.98795,2,41583.422969
295.096572,339,41596.133177
102.541575,112,41600.022259
-35.4,44,41603.737586
491.394939,572,41619.255287
48.010943,110,41621.55646
2223.309971,2563,41707.54762
1121.472623,1167,41738.299345
1277.737173,1463,41782.518841
-15.298842,29,41782.940954
480.577359,490,41801.450454
2028.059011,2147,41876.682577
1984.162125,2112,41948.064562
889.839066,1098,41986.713124
528.161064,606,42001.874887
270.595001,283,42012.373828
269.668183,280,42022.370188
-1.0,1,42022.387116
228.603672,258,42030.834685
1044.869349,1143,42065.879817
351.551917,545,42083.311195
1148.060496,1257,42120.460873
82.544286,139,42123.607617
471.109222,501,42139.763585
496.684813,683,42160.406095
22.488923,99,42162.919483
530.778646,594,42184.7666
2186.640855,2307,42257.128226
502.125556,577,42274.460238
-2.378879,5,42274.534135
137.920935,268,42281.903011
592.219999,626,42298.972038
-11.821066,26,42299.353212
465.757848,574,42319.025151
1770.997678,1824,42373.498809
-18.321295,35,42376.132623
65.680015,449,42389.234479
1292.861898,1395,42437.267942
1797.542283,1856,42495.980521
644.817046,786,42520.38152
1428.204204,1765,42579.099019
752.668083,826,42606.178595
817.284717,880,42634.204105
2129.00887,2340,42712.028482
-1.176375,2,42712.058216
422.802152,480,42729.428311
130.065058,145,42734.657068
67.712468,100,42738.703664
1549.0,1551,42782.312275
879.962226,933,42813.154327
172.798073,189,42821.306985
1615.708471,1936,42882.9932
-58.347151,157,42888.267339
-1.27412,7,42888.370998
272.40144,341,42902.57137
78.988638,186,42906.633566
342.91715,519,42922.602579
-13.8,17,42926.176443
53.320791,271,42938.014958
2881.874653,3048,43038.723801
265.723281,342,43047.136695
44.705203,65,43048.107052
1273.280914,1315,43091.248305
371.0,378,43104.489691
515.181058,531,43118.153855
200.303031,274,43126.152723
1496.678478,2216,43192.009957
702.471938,746,43211.186352
2432.953305,2591,43295.048286
227.810291,322,43303.481729
1529.438683,1586,43355.190005
465.0,467,43367.431316
734.100826,800,43393.505822
2422.237861,2555,43479.003713
73.918217,123,43483.094709
-7.294574,69,43484.09832
-50.204618,66,43489.912477
-1.0,1,43489.927757
-9.8,42,43490.547633
916.90003,966,43520.986748
262.737836,268,43530.664918
-1.0,1,43530.680504
-1.0,1,43530.696875
3342.440568,3647,43638.451331
57.173654,72,43642.649184
694.231262,1125,43676.172324
147.950999,249,43683.040902
397.773136,482,43698.192729
1200.88742,1267,43737.071288
14.67964,106,43740.25421
769.00535,876,43767.020075
2527.709013,2618,43852.605002
55.249,102,43856.117943
429.915517,524,43869.82868
857.369976,882,43897.838872
390.859921,472,43909.644413
27.005641,70,43913.464339
1331.0,1333,43959.307817
1659.0,1676,44005.832228
573.791308,731,44031.03745
2029.921761,2130,44100.124962
-37.0,46,44100.798415
-5.639665,194,44106.352549
1.861355,76,44107.471304
-0.488157,8,44107.591249
116.116415,232,44117.359424
2214.948934,2301,44186.807682
382.584089,517,44200.114151
506.552809,520,44215.979638
586.511397,710,44237.186834
475.341404,523,44254.697377
14.489166,153,44258.527197
2007.100626,2073,44321.85989
784.103347,799,44347.53698
4779.568402,4998,44511.20063
2430.196882,2449,44592.08804
953.097571,1054,44623.224913
-36.533558,122,44627.101068
631.034511,734,44657.70785
726.328362,744,44681.077603
3837.351924,3939,44807.324177
22.785743,27,44810.360098
5751.764371,5908,44997.877938
869.876238,939,45023.292136
-57.022899,100,45025.529287
374.090231,431,45042.098942
126.395335,211,45046.411391
1192.279135,1232,45087.843134
-15.362974,113,45091.961578
2304.15585,2323,45172.220975
-51.962878,85,45173.474709
2582.13945,3022,45269.791393
395.360919,423,45283.892983
3932.397863,4068,45402.620807
291.248566,330,45413.169348
11.0,93,45418.078
1724.328762,2228,45488.501735
4385.303443,4727,45633.786544
848.139178,971,45663.191987
568.677274,577,45685.163443
479.448858,512,45702.345789
-14.8,53,45703.171788
1956.890997,2014,45770.148565
1172.879765,1234,45810.408935
1903.446576,2045,45874.703274
-8.768325,12,45874.880121
365.321957,512,45888.35103
1511.485206,1634,45944.292363
782.990804,834,45970.438173
445.0,447,45985.23085
1147.405168,1215,46025.486868
2217.798227,2384,46108.853964
3153.621629,3421,46209.776697
990.085757,1068,46244.26108
745.355382,1259,46279.387656
-1.0,1,46279.402275
644.031989,659,46302.721928
720.747256,753,46328.031774
-83.4,104,46330.514193
4.84963,99,46333.546795
483.762623,536,46350.190379
1645.566386,1966,46414.306533
-16.2,35,46414.824001
865.75674,1014,46449.317091
606.788014,684,46475.381863
704.614546,821,46503.257201
1320.39447,1348,46550.854852
-0.335473,43,46551.480872
248.4,300,46562.155062
968.058694,1491,46616.512449
-6.148213,39,46617.089027
1438.346115,1539,46667.293357
1412.848963,1491,46716.494305
2020.355247,2176,46785.234887
855.88673,985,46817.694993
1601.86105,1719,46872.74379
-1.0,7,46872.848573
0.875702,39,46873.970736
55.87958,93,46880.804235
374.24423,552,46897.099378
876.573784,911,46926.410425
2.350351,109,46931.212201
-47.4,59,46933.778752
2383.925366,2414,47005.131288
1253.495304,1477,47049.264393
767.0,769,47073.660022
292.486069,412,47085.992165
1583.819426,1739,47135.648569
931.0,936,47169.960649
-1.0,1,47169.97619
206.702606,284,47178.5659
75.0,77,47179.701194
1248.121707,1458,47223.855722
1083.56239,1483,47266.144306
4947.321715,5294,47437.634981
2108.67165,2200,47511.059684
-1.0,1,47511.074483
788.659558,829,47534.503487
2858.019831,2933,47624.955082
1075.588974,1086,47662.685712
1363.559088,1522,47708.657405
869.31913,1307,47752.602094
980.51007,1085,47782.125402
76.464828,243,47790.165221
305.312415,363,47801.035124
516.0,518,47816.510752
2833.166815,3009,47910.456163
75.165492,184,47914.781513
1111.27327,1156,47949.109366
382.011838,459,47960.823865
126.556889,178,47967.788205
-202.552295,286,47976.413538
3850.485808,3999,48100.467963
691.559788,763,48122.576342
756.222919,802,48152.605561
-15.4,19,48152.882497
0.147105,19,48153.157345
564.525159,595,48170.127741
1630.689136,1786,48232.295374
1798.174178,1851,48293.028295
5.417241,72,48294.11093
782.279382,890,48326.587269
1141.095604,1248,48377.123049
27.0,29,48377.548501
1150.06407,1214,48417.701587
2.914229,482,48431.723741
696.767818,793,48458.99072
389.15989,447,48471.665087
-87.4,124,48474.078901
358.245445,425,48491.317931
-27.166019,86,48492.581663
1469.183054,1474,48539.831658
-1.495514,11,48539.992452
118.977389,128,48544.476711
3687.179281,3866,48657.497975
36.325204,178,48663.818164
297.102429,415,48674.990546
114.697761,199,48679.455167
2288.947768,2545,48760.092433
-12.874088,55,48760.915865
684.40809,719,48789.386565
-28.2,57,48791.639165
766.559136,1129,48819.97271
-4.760364,11,48820.140585
664.305865,753,48840.727333
-33.8,42,48841.336912
354.612925,499,48854.81491
-1.0,1,48854.830516
-119.435192,206,48862.040248
740.672768,858,48889.833629
-1.0,1,48892.676743
1758.585303,2138,48961.725175
1840.015132,1891,49020.864644
885.15635,917,49050.273293
-18.915389,434,49066.479054
28.8,58,49067.333442
43.006101,100,49073.023668
1301.49903,1397,49120.15027
216.307091,292,49129.909955
-123.686078,915,49161.688116
-28.57851,61,49162.59112
963.548649,987,49195.060679
1017.600652,1065,49224.773516
188.474789,331,49235.303007
-97.0,121,49239.814817
3964.244026,4013,49364.689199
-23.4,36,49366.810279
-1.0,1,49366.825427
39.234296,72,49367.880779
1307.796182,1500,49418.32607
38.70759,87,49421.729369
1624.794687,1745,49467.375473
779.407392,858,49493.616362
967.749217,1142,49528.264955
1200.914736,1266,49565.718556
871.808328,965,49600.475094
1062.208837,1286,49640.828125
204.23553,245,49649.482147
622.745232,654,49665.286705
162.749369,241,49673.028955
1542.210951,1614,49731.253192
-26.854323,35,49731.762219
-1.0,1,49731.779797
1115.983096,1153,49765.202962
-4.015146,101,49770.294069
-1.158355,33,49772.540206
73.835675,93,49773.904252
756.341246,959,49807.322934
121.740451,176,49811.51247
140.508511,170,49818.159225
1200.543175,1252,49860.49923
492.484453,573,49877.22274
7.0,20,49877.520236
984.668526,1064,49915.158718
1824.34652,1934,49979.867751
-2.237118,6,49981.604834
261.057342,488,49992.542032
2617.305275,2838,50075.645332
2922.172636,3263,50182.363886
593.464619,712,50207.383781
2092.636834,2253,50274.716151
1771.960017,1872,50324.623863
-8.2,40,50325.214742
97.954617,152,50328.713513
-233.8,292,50340.283024
63.497945,181,50343.97832
3.131619,31,50344.435161
4117.904957,4430,50474.503126
479.184627,540,50489.486737
41.895701,47,50491.187734
953.441914,1005,50519.87474
493.021376,587,50539.942343
1381.74272,1402,50583.203964
3690.105365,3968,50705.273556
3575.780648,3845,50826.516858
932.369183,1006,50860.670343
1666.462298,1713,50919.108907
2589.321219,2959,51018.792463
200.365765,432,51029.676939
1781.585109,1879,51082.183113
784.954567,948,51110.049098
-2.145807,83,51111.27276
833.847904,924,51139.909024
323.472299,530,51157.82915
-13.8,17,51158.080118
-1.0,1,51158.09522
2189.820023,2549,51243.444117
682.145831,720,51268.967571
33.277157,39,51269.543664
-1.0,1,51269.559189
1495.43228,1595,51324.972894
276.468386,455,51339.151656
478.336985,612,51359.856087
-1.654248,34,51360.35109
1858.584549,1998,51426.346573
603.905328,881,51455.221373
877.829249,945,51483.188509
69.639802,259,51489.033851
499.621476,713,51512.232692
108.641652,115,51517.344137
-1.0,1,51517.358912
15.091349,40,51520.456848
5.184971,119,51525.012397
2460.293898,2772,51616.805164
1309.664572,1471,51666.044249
2094.096847,2528,51742.950415
4667.130389,5033,51905.971058
-1.0,1,51905.986749
70.342156,134,51908.906149
1457.440113,1508,51953.049666
1408.909193,1730,52015.694105
1431.59462,1718,52076.881402
3751.09472,4093,52214.39573
341.513724,369,52224.98973
-69.0,101,52227.421496
1201.983927,1479,52270.233825
976.722058,1034,52304.105181
355.81468,387,52316.532749
1180.639695,1208,52353.464253
1594.191126,1731,52407.731094
641.039642,848,52438.247393
5392.160113,5501,52603.916741
899.837368,927,52630.871359
1354.294094,1371,52672.874373
2953.863156,3046,52768.692204
-121.32431,165,52773.554813
172.314183,212,52779.964822
-1.0,1,52779.98007
2255.859341,2375,52858.090273
1306.62844,1649,52910.01892
376.032335,388,52924.198723
656.386244,672,52944.556231
687.645491,771,52968.781908
542.339474,675,52992.775662
1110.231603,1330,53035.449247
-82.427013,115,53040.378385
288.0,290,53051.283277
3.0,23,53051.614603
1186.086969,1421,53093.396272
972.220592,1038,53128.760226
1.047357,23,53129.106902
285.363153,327,53136.615484
915.388763,951,53168.372092
21.004042,37,53168.930059
26.1356,106,53172.968525
-23.864225,60,53174.930874
20.680619,32,53175.397069
-1.0,1,53175.412183
1917.729838,2152,53247.370289
2673.0,2694,53334.480224
903.435732,924,53361.322713
796.731947,942,53395.318543
-26.6,33,53395.803683
102.016913,166,53399.826709
413.216259,581,53418.185637
1052.416955,1123,53453.327932
31.826443,82,53454.529365
29.169621,56,53457.606246
-1.0,1,53457.622596
756.616367,844,53484.307903
213.780558,360,53495.212173
1810.735402,1827,53548.732733
787.240912,897,53574.824071
414.286083,505,53588.97955
2208.29074,2536,53678.227548
-16.2,41,53678.832188
-311.4,389,53692.715519
1593.620815,1727,53745.844886
480.091796,692,53769.333904
1026.489195,1117,53811.390997
1882.257114,2068,53881.524178
11.808851,66,53882.508261
127.805711,228,53893.869411
1296.89694,1309,53935.051745
-1.0,1,53935.068314
-4.2,17,53935.317513
-4.8,47,53936.006011
382.575511,510,53951.653247
185.379161,242,53961.058522
57.572259,72,53962.409412
231.356771,338,53974.825228
884.439056,929,54006.163698
2066.874276,2502,54088.93701
779.899177,916,54117.841609
83.451602,441,54131.211734
695.410672,702,54152.925509
3313.072907,3525,54273.697937
1568.503814,1629,54325.844664
-9.04397,85,54327.087185
2394.263334,2430,54404.629495
60.708671,202,54409.249187
103.835302,283,54417.418148
1387.458394,1469,54461.1296
1881.68469,2100,54529.58805
2901.241446,3182,54633.873456
1412.461343,1427,54682.304791
509.0,512,54697.692297
813.843201,824,54727.471853
33.103286,40,54728.064266
16.247181,95,54731.268429
1579.168673,1650,54783.787102
222.599012,293,54790.983841
-1.0,1,54791.000033
2446.275444,2728,54878.296359
184.474969,273,54890.319452
982.834116,1138,54929.780608
25.545936,69,54930.801449
-0.007543,10,54930.943604
52.0,54,54934.120239
-12.083807,70,54935.135917
2566.715493,2746,55023.126678
247.432079,284,55029.464715
-60.310009,87,55032.248843
338.243184,366,55043.536907
1395.257661,1453,55089.885152
3.424975,45,55090.552744
283.829943,373,55100.847723
35.614867,85,55102.752042
0.365218,37,55103.313939
288.4877,381,55114.448217
-19.4,52,55115.218998
1.401771,67,55117.367263
1039.92993,1124,55157.997297
1111.040944,1142,55193.668252
58.770206,109,55197.65566
184.401551,284,55205.573836
1684.825336,1814,55268.849674
-65.246854,86,55270.116946
248.608057,372,55279.891907
1097.800613,1104,55315.240242
0.761833,15,55315.461513
1039.089965,1057,55347.328926
-1.309807,3,55347.373209
1359.094492,1573,55398.216054
1886.763811,1984,55458.327801
1441.225332,1505,55502.972203
270.979849,328,55513.387106
577.0,579,55534.462057
20.0,82,55535.665111
1946.930511,2024,55600.680993
-1.179828,3,55600.725425
-102.6,128,55607.872014
902.0,907,55633.634465
2994.663696,3228,55730.88997
52.879079,128,55734.885737
9.161754,41,55735.510131
468.155133,484,55752.243283
-21.925283,33,55752.720922
2048.649457,2204,55820.953242
4210.860083,4417,55957.063753
21.9171,58,55961.047737
1013.451832,1063,55994.643167
782.219226,852,56017.825044
989.244367,1026,56047.412719
804.0,806,56074.24829
382.0,384,56089.717168
-5.373173,10,56089.864205
77.702399,153,56094.467427
3123.666456,3382,56193.641429
765.297845,960,56224.494107
11.923386,47,56225.185497
4955.37362,5250,56396.977062
753.817611,782,56418.316885
2555.050712,2635,56506.905149
1.025501,45,56509.430203
469.635473,577,56526.514149
24.574742,180,56532.760774
352.609929,444,56545.789001
730.909963,794,56575.205128
-35.024522,152,56580.020973
-16.2,20,56580.31961
-1.0,1,56580.33468
-27.922222,112,56583.775294
990.74152,1164,56618.248392
95.243265,104,56621.252475
747.389711,874,56644.909308
-27.4,34,56645.401082
2330.595485,2578,56727.287108
1649.175387,1743,56786.213324
663.422168,810,56810.591864
1199.355316,1266,56851.423143
176.389964,287,56860.022861
1358.0,1360,56898.790227
2021.478657,2045,56964.000657
1310.458763,1352,57012.694394
1044.182081,1170,57050.334995
1381.849596,1499,57095.395574
727.581203,1851,57151.229786
452.826963,480,57166.756168
3002.560975,3225,57279.936827
112.61319,226,57286.802614
1014.547256,1117,57322.938997
321.559108,396,57334.486178
2057.62665,2107,57395.638043
1216.615347,1250,57434.254177
1546.570603,1601,57482.519726
1830.478226,1915,57540.677449
352.649569,361,57549.544016
2031.781913,2225,57623.685944
888.696194,1095,57662.128886
585.76101,636,57683.118222
55.453124,287,57692.521392
-46.6,78,57695.851532
16.975653,51,57696.599744
356.244585,391,57715.409599
1329.482677,1410,57760.305243
1376.365906,1515,57809.541249
-19.910147,32,57810.020179
-76.891464,110,57815.324373
2854.447023,3072,57907.908689
-62.6,78,57909.052534
271.616451,814,57935.953099
17.66931,42,57936.588993
-1.0,1,57936.60431
-0.8,30,57937.066596
1011.439126,1079,57977.220912
1440.927573,1550,58032.520171
619.877536,659,58053.483164
20.973411,70,58054.504901
2155.118085,2355,58131.67979
-13.0,36,58132.203318
1816.455105,1866,58193.321198
1418.217937,1430,58241.930024
1079.726734,1143,58274.30892
917.84687,1034,58308.148105
773.924822,798,58336.010722
897.034669,991,58362.414069
1841.969777,1915,58424.612031
293.606836,408,58437.844147
555.406626,609,58461.943311
-8.0,27,58462.340485
1055.146608,1105,58499.678502
957.109311,1004,58535.609013
1792.227954,1933,58603.635717
148.100476,200,58610.741606
1852.928231,1896,58673.835976
3169.157857,3316,58780.659764
-21.0,26,58781.041701
698.921657,704,58803.051446
710.383652,751,58828.822455
1695.672194,1872,58887.074796
-1.0,1,58887.088791
26.0,41,58887.685011
860.109514,923,58915.787647
209.904502,285,58929.827436
-6.692724,55,58930.630542
113.743995,139,58935.37525
1337.421585,1416,58979.269355
0.695689,12,58980.506967
476.195041,570,58999.448061
147.11706,196,59006.880548
4329.707431,4464,59145.678376
633.150566,727,59175.377206
1763.406669,1948,59232.115494
-4.318581,17,59232.369585
532.228163,553,59248.105542
503.741419,561,59268.88964
15.342523,57,59269.738389
657.991595,812,59302.70699
222.875931,295,59312.716474
36.160826,144,59316.428213
-2.720383,43,59318.976479
1726.631453,1859,59377.553254
872.847946,939,59406.068215
373.877959,393,59419.009834
1055.364746,1109,59448.920847
825.227738,928,59482.598552
1809.67701,2214,59549.273978
-16.717887,37,59549.851936
196.85329,225,59559.470532
110.452692,148,59562.199725
-17.0,31,59563.790536
-26.610635,38,59564.359251
37.815176,113,59566.969457
61.876339,166,59571.034615
378.394971,382,59586.694476
5369.650441,7358,59840.464912
3514.700601,3674,59959.156008
-1.0,1,59959.172256
1973.700129,2099,60026.346789
269.809396,336,60036.846498
1570.323048,1671,60091.46247
659.666447,702,60116.501468
1714.937965,1781,60175.603767
3163.129677,3269,60286.114073
2467.133596,2587,60374.547876
321.787626,446,60387.467436
915.478141,1045,60415.482571
22.748858,81,60418.104819
344.00552,367,60429.938686
1068.222892,1287,60474.374244
659.649189,712,60495.3003
3174.801641,3390,60600.440526
52.172586,150,60604.375806
46.057148,178,60608.880042
700.804989,731,60631.827671
345.509536,492,60646.607922
-8.2,10,60646.753338
485.309845,536,60666.481223
1834.379862,2008,60733.883227
1844.998491,2204,60798.568719
1561.968933,1760,60850.666441
151.458997,284,60859.259247
2613.791816,2739,60945.441684
407.350807,500,60963.149548
1668.836038,1723,61012.859002
-23.354002,107,61016.760081
866.822488,914,61047.775165
-1.0,1,61047.789418
376.114622,425,61063.238961
-19.395553,92,61066.924284
1764.633741,1961,61130.280982
783.65032,866,61165.688864
5.761692,76,61167.811208
758.758567,1115,61199.794178
1012.73557,1165,61237.159113
65.363063,180,61242.726164
368.41643,443,61252.720832
25.517044,63,61255.917364
714.634804,877,61288.703664
1122.611662,1184,61325.266625
3025.835877,3125,61424.408787
2130.912728,2203,61496.349802
-1.0,1,61496.364794
2039.69993,2083,61558.11203
409.599554,463,61573.868112
429.29471,446,61589.245076
908.498721,969,61618.145589
2210.732398,2339,61688.929044
1753.025322,1940,61755.487787
334.198352,356,61763.435033
434.486907,536,61785.708173
-52.192907,98,61789.14187
-5.0,53,61789.92023
1967.191241,2062,61874.680254
-37.998935,78,61877.983061
20.606417,64,61879.971649
2352.952292,2385,61964.283017
990.837678,1033,61997.633969
238.741878,271,62011.743136
-50.6,63,62018.321323
567.933283,630,62039.463263
1114.632566,1180,62079.057041
440.910748,517,62093.072862
129.616592,226,62098.659542
227.308648,334,62111.046551
-1.8,4,62111.106338
-8.2,10,62111.256312
696.05954,780,62139.151881
2255.386701,2547,62215.214027
-1.0,26,62217.730396
-1.115321,2,62217.760037
1670.676733,1876,62280.213375
-15.964297,76,62281.323342
253.578411,388,62293.619659
214.380104,280,62303.838998
1997.074527,2493,62387.195516
38.693717,242,62393.740621
46.123514,128,62397.419202
3238.912054,3338,62512.885677
-21.0,26,62513.271478
-2.737867,146,62523.704154
291.028019,363,62532.734514
4224.482286,4471,62684.187838
173.965286,210,62692.783312
2485.56569,2500,62786.561924
23.398688,77,62788.701194
617.036369,713,62809.984791
371.871923,588,62835.110364
1394.769586,1468,62887.250308
2398.0,2401,62966.002644
-6.532581,110,62972.016151
22.632345,94,62977.661103
1463.55203,1520,63025.209439
2565.812692,2887,63125.817615
-174.269149,308,63135.044509
608.550033,719,63161.204411
26.326803,49,63161.952833
-1.0,25,63163.530592
1727.046402,2090,63228.863975
391.853258,452,63244.92419
755.299215,839,63270.779495
925.850645,1111,63311.84881
492.123183,545,63325.57849
1955.075659,2438,63404.613353
694.018721,721,63429.561507
673.832304,838,63458.740498
708.004919,855,63485.562887
700.0,719,63506.496869
51.0,88,63509.473167
-1.0,26,63509.859341
2116.8479,2340,63589.104728
1113.634884,1189,63628.06269
2609.878036,2721,63716.459064
1084.480954,1119,63749.215483
237.0,245,63758.704523
755.063729,784,63784.619563
1882.891708,1992,63852.664047
-9.296397,138,63858.142512
1432.298379,1785,63913.561003
-1.0,1,63913.576556
68.298167,205,63919.346575
541.202985,614,63938.100553
-4.195242,20,63940.735605
1136.842529,1237,63978.440091
-1.202759,8,63981.209262
345.658649,372,63991.859022
2204.393402,2271,64066.814718
12.0,14,64067.021043
-13.164866,106,64072.712481
125.274601,178,64078.719429
971.820504,1106,64115.056782
24.0,27,64115.452679
1283.52667,1375,64157.261445
1506.0,1518,64200.616921
691.544017,699,64226.221299
-5.874958,10,64226.365036
356.504478,435,64239.32235
-12.2,15,64243.473061
2005.633235,2267,64320.243789
-12.15078,49,64320.972594
760.041071,819,64348.850502
801.184239,877,64376.437365
-66.6,83,64377.643072
1129.734704,1244,64419.148364
1380.407519,1402,64466.237248
19.592753,83,64468.895811
-72.817734,101,64472.77308
4117.292026,4317,64608.631183
106.055534,164,64616.819289
2671.233715,2899,64711.332216
-11.83284,31,64711.787712
804.088167,835,64741.777086
57.44802,64,64742.714566
513.291909,531,64761.526361
1392.236792,1593,64811.063812
1122.604971,1182,64854.605406
9.948439,255,64866.936259
2709.34699,2778,64953.279345
4460.659024,5868,65151.230009
-19.4,24,65151.585079
-15.418238,78,65154.523781
371.16883,403,65166.798286
2056.727085,2147,65235.029509
17.492536,41,65239.239421
676.0,679,65260.003116
18.105803,29,65260.427162
2177.96741,2436,65347.606982
867.962181,959,65380.473886
329.874184,336,65390.360264
527.662296,639,65413.585643
1575.522506,1682,65466.246204
2959.834295,3162,65575.472025
3259.843136,3392,65693.610666
794.023377,993,65729.122874
623.901398,663,65755.702299
621.751348,678,65776.841128
276.885086,298,65785.147343
2377.059123,2592,65876.145596
748.533658,767,65901.158432
330.954439,408,65913.458951
168.025778,211,65921.520366
395.444537,618,65943.273227
437.452749,552,65960.337423
-28.963425,39,65964.545962
42.625565,75,65965.649617
1039.580206,1106,66000.253637
305.765476,340,66012.490296
288.905607,412,66026.836886
14.753447,61,66029.564661
68.0,86,66030.831718
758.946423,854,66059.595966
307.11536,326,66073.687515
798.269075,844,66110.869196
1798.413627,1901,66172.497035
6362.33377,6903,66401.963652
7.0,30,66402.408679
4369.135251,4531,66538.161872
75.803018,154,66545.227829
33.855078,149,66551.900828
-32.2,40,66552.486259
134.519612,139,66557.042359
-1.773082,67,66559.921271
-1.815022,14,66560.13043
616.691129,702,66583.943234
-33.8,60,66584.841383
361.872588,385,66596.933556
166.386569,296,66611.854795
1209.018765,1326,66653.424859
1271.8187,1415,66700.217254
4282.880259,4847,66857.11506
4818.499963,5116,67045.967834
1344.5069,1407,67089.954653
-1.0,1,67089.969035
3395.845949,3811,67223.965445
1044.0,1064,67261.904737
-2.69003,5,67261.978904
276.789392,379,67273.549126
485.594778,580,67293.343583
2756.891783,3019,67398.084596
47.303524,105,67402.786293
1654.10221,1740,67461.39091
198.374967,234,67470.291193
586.243299,591,67487.500237
2695.708991,3166,67601.086825
-37.311114,197,67610.339032
753.997056,856,67632.049699
344.0,346,67648.262585
311.045398,462,67662.434641
739.430203,895,67693.759254
68.826101,118,67697.778347
1953.199229,2041,67770.231083
527.079104,572,67789.492386
1402.179905,1533,67844.960183
-19.670364,177,67850.897909
5599.350333,6041,68058.235757
-0.556662,5,68058.310978
881.839811,966,68091.732389
-2.958135,86,68093.016501
420.859847,511,68110.909688
2087.594775,2402,68195.305679
2670.881639,2921,68286.59873
2099.742775,2168,68366.289701
287.981533,338,68380.285584
182.464781,220,68392.640626
7.75209,22,68392.967238
3878.946813,4161,68547.151055
34.142165,44,68550.174262
411.118707,438,68564.003021
-5.0,13,68564.191329
1642.656585,1730,68624.765125
759.286298,775,68648.111639
4043.675674,4227,68804.329546
236.32469,343,68814.982198
-27.4,34,68815.477054
755.554709,853,68838.887594
17.242582,55,68839.704987
247.705079,275,68852.083268
1106.64448,1306,68897.385408
2.320673,111,68900.471565
4462.171154,4678,69060.79165
3895.73158,3927,69185.631476
753.708297,814,69215.420022
3051.93821,3070,69314.625659
881.584682,918,69342.165294
23.994364,98,69346.692461
3069.768029,3195,69449.067008
340.465811,438,69464.26101
652.0,664,69483.148821
259.430126,1078,69516.607644
645.040785,980,69554.127515
3959.764421,4065,69677.878727
8.780911,238,69683.736667
95.167171,641,69703.068123
-13.0,20,69703.372015
192.502118,211,69709.788708
777.351865,949,69741.011049
23.412807,337,69751.55617
40.04777,148,69755.805833
-9.87794,31,69756.260395
1082.945966,1158,69792.476013
1006.0,1024,69827.38512
1664.056671,1851,69889.295853
-1.0,1,69889.311819
2251.71345,2380,69964.393822
1337.900869,1507,70014.325843
92.073944,114,70017.522304
12.841256,212,70024.748963
-0.840785,2,70024.780766
389.309761,483,70047.874225
-9.273386,48,70048.580415
4061.269224,4278,70187.167717
44.895318,145,70196.912533
-5.4,70,70197.937071
2021.369754,2045,70273.386077
1818.32956,2033,70351.666535
-1.0,1,70351.681237
831.641197,1051,70386.441463
1483.780665,1547,70435.477086
1614.193442,1620,70491.012363
686.357722,809,70526.733177
248.230776,288,70534.865955
924.439223,1007,70561.154143
1087.391173,1291,70606.278608
456.489907,647,70629.751977
541.259751,641,70660.52541
1362.818942,1366,70708.45195
16.976545,91,70713.083957
0.617272,7,70713.186563
-82.6,103,70714.702265
65.18978,83,70719.243577
48.0,50,70722.37637
826.410672,885,70751.165532
-2.030217,65,70752.12323
389.78245,395,70773.865386
1023.494429,1053,70810.329103
368.207425,508,70829.056792
1718.377727,2166,70910.962674
1742.433344,1779,70968.923443
1464.78533,1541,71032.011957
-9.0,11,71032.171601
10.572592,84,71033.436239
-30.776086,77,71035.794167
4371.923155,4599,71203.712121
293.47727,435,71212.64908
736.83809,1001,71247.846144
1782.249302,1883,71312.949439
1313.672367,1415,71365.636127
242.970532,385,71379.075858
1431.674721,1488,71425.996419
1054.814454,1243,71468.436273
-25.8,32,71468.909666
859.511113,942,71502.039495
1224.21561,1435,71554.444772
85.844453,185,71560.297601
407.558911,466,71573.863916
4754.448926,5259,71762.096087
2183.665845,2228,71844.181669
1602.436417,1939,71918.489578
253.0,270,71926.972801
907.021368,1033,71960.039147
3392.469722,3554,72080.430654
-0.606858,5,72080.506187
-6.2,58,72083.846521
690.274613,785,72111.592666
725.1902,892,72137.437517
-112.379347,249,72146.335852
-26.058212,96,72153.646038
2281.30479,2428,72253.767019
-58.279537,484,72270.040726
51.635772,67,72274.111113
601.0,603,72296.819146
1247.649508,1334,72342.948936
1643.347709,1683,72410.098517
3193.466713,3351,72526.540028
3584.658474,3744,72664.468396
1327.689595,1389,72717.226425
1541.237887,1593,72779.249579
1551.014885,1580,72835.724618
580.371822,823,72864.167822
254.046494,342,72876.418617
28.015656,58,72882.74766
2076.371294,2332,72973.125893
213.262385,393,72988.327669
2079.428867,2126,73074.353491
40.043296,62,73075.32128
40.725834,87,73079.003079
456.687269,465,73093.101182
813.242582,958,73125.061149
1096.510948,1102,73166.190929
-0.698008,4,73166.252009
-7.334602,23,73166.58685
1318.469124,2084,73235.121222
952.773973,1120,73273.973011
82.577281,124,73276.596509
760.0,762,73302.342547
